id,valor
venda-0001,253.86
venda-0002,402.18
venda-0003,955.52
venda-0004,179.63
venda-0005,602.50
venda-0006,938.65
venda-0007,965.30
venda-0008,751.85
venda-0009,104.02
venda-0010,622.54
venda-0011,191.77
venda-0012,311.50
venda-0013,884.78
venda-0014,29.83
venda-0015,178.15
venda-0016,811.23
venda-0017,56.47
venda-0018,886.92
venda-0019,699.10
venda-0020,215.02
venda-0021,460.23
venda-0022,771.99
venda-0023,319.66
venda-0024,419.19
venda-0025,259.23
venda-0026,756.35
venda-0027,896.72
venda-0028,115.56
venda-0029,398.61
venda-0030,332.82
venda-0031,536.18
venda-0032,541.06
venda-0033,807.48
venda-0034,847.36
venda-0035,447.21
venda-0036,540.24
venda-0037,649.77
venda-0038,100.24
venda-0039,52.32
venda-0040,549.65
venda-0041,204.24
venda-0042,873.80
venda-0043,40.55
venda-0044,91.42
venda-0045,68.60
venda-0046,428.96
venda-0047,78.93
venda-0048,606.93
venda-0049,384.44
venda-0050,306.11
venda-0051,605.01
venda-0052,579.69
venda-0053,59.86
venda-0054,349.22
venda-0055,37.46
venda-0056,806.97
venda-0057,203.97
venda-0058,576.39
venda-0059,810.35
venda-0060,916.62
venda-0061,85.54
venda-0062,888.54
venda-0063,583.95
venda-0064,157.29
venda-0065,587.26
venda-0066,889.37
venda-0067,468.93
venda-0068,462.95
venda-0069,459.64
venda-0070,766.96
venda-0071,410.88
venda-0072,316.98
venda-0073,657.72
venda-0074,649.59
venda-0075,830.15
venda-0076,927.27
venda-0077,901.65
venda-0078,67.70
venda-0079,896.13
venda-0080,550.02
venda-0081,191.75
venda-0082,188.07
venda-0083,181.60
venda-0084,330.88
venda-0085,687.51
venda-0086,382.88
venda-0087,39.03
venda-0088,329.86
venda-0089,446.30
venda-0090,340.43
venda-0091,932.91
venda-0092,672.50
venda-0093,887.56
venda-0094,28.53
venda-0095,426.86
venda-0096,237.54
venda-0097,618.68
venda-0098,263.04
venda-0099,273.08
venda-0100,403.87
venda-0101,422.81
venda-0102,956.93
venda-0103,424.31
venda-0104,319.59
venda-0105,746.73
venda-0106,664.74
venda-0107,386.78
venda-0108,790.39
venda-0109,66.82
venda-0110,572.69
venda-0111,215.14
venda-0112,344.73
venda-0113,817.66
venda-0114,433.17
venda-0115,543.34
venda-0116,781.42
venda-0117,875.82
venda-0118,580.13
venda-0119,688.56
venda-0120,839.52
venda-0121,861.82
venda-0122,478.80
venda-0123,912.43
venda-0124,199.58
venda-0125,128.07
venda-0126,250.89
venda-0127,16.31
venda-0128,429.57
venda-0129,154.86
venda-0130,333.96
venda-0131,291.18
venda-0132,438.97
venda-0133,518.36
venda-0134,34.01
venda-0135,678.41
venda-0136,828.61
venda-0137,308.47
venda-0138,844.87
venda-0139,942.44
venda-0140,240.33
venda-0141,344.59
venda-0142,224.90
venda-0143,33.95
venda-0144,362.88
venda-0145,370.16
venda-0146,428.10
venda-0147,732.51
venda-0148,237.67
venda-0149,265.51
venda-0150,551.81
venda-0151,488.93
venda-0152,379.89
venda-0153,934.53
venda-0154,139.80
venda-0155,978.59
venda-0156,661.81
venda-0157,276.56
venda-0158,101.74
venda-0159,793.19
venda-0160,932.63
venda-0161,482.25
venda-0162,579.44
venda-0163,14.59
venda-0164,955.00
venda-0165,486.43
venda-0166,602.87
venda-0167,114.28
venda-0168,401.69
venda-0169,991.27
venda-0170,186.35
venda-0171,422.26
venda-0172,364.21
venda-0173,255.33
venda-0174,252.07
venda-0175,822.16
venda-0176,911.35
venda-0177,423.59
venda-0178,282.60
venda-0179,412.76
venda-0180,862.56
venda-0181,174.77
venda-0182,412.46
venda-0183,61.46
venda-0184,79.66
venda-0185,97.23
venda-0186,85.23
venda-0187,966.43
venda-0188,698.14
venda-0189,539.14
venda-0190,806.36
venda-0191,961.10
venda-0192,930.95
venda-0193,495.83
venda-0194,982.54
venda-0195,524.76
venda-0196,50.04
venda-0197,647.37
venda-0198,746.47
venda-0199,383.16
venda-0200,444.63
venda-0201,342.90
venda-0202,626.82
venda-0203,916.04
venda-0204,493.40
venda-0205,162.68
venda-0206,291.79
venda-0207,495.80
venda-0208,608.96
venda-0209,540.69
venda-0210,194.34
venda-0211,565.12
venda-0212,521.32
venda-0213,835.10
venda-0214,375.75
venda-0215,130.11
venda-0216,863.92
venda-0217,140.67
venda-0218,68.45
venda-0219,745.13
venda-0220,511.63
venda-0221,851.62
venda-0222,804.50
venda-0223,439.39
venda-0224,734.43
venda-0225,577.38
venda-0226,704.67
venda-0227,433.54
venda-0228,529.52
venda-0229,693.91
venda-0230,730.75
venda-0231,416.79
venda-0232,336.23
venda-0233,959.79
venda-0234,436.06
venda-0235,165.23
venda-0236,973.00
venda-0237,705.18
venda-0238,768.14
venda-0239,51.95
venda-0240,906.30
venda-0241,287.57
venda-0242,112.81
venda-0243,852.22
venda-0244,279.77
venda-0245,486.37
venda-0246,771.50
venda-0247,309.84
venda-0248,310.45
venda-0249,967.87
venda-0250,528.50
venda-0251,555.48
venda-0252,798.61
venda-0253,889.37
venda-0254,900.88
venda-0255,286.19
venda-0256,987.34
venda-0257,423.76
venda-0258,60.38
venda-0259,420.08
venda-0260,837.74
venda-0261,74.90
venda-0262,32.14
venda-0263,428.79
venda-0264,511.93
venda-0265,331.98
venda-0266,248.90
venda-0267,65.94
venda-0268,895.48
venda-0269,205.62
venda-0270,613.22
venda-0271,517.75
venda-0272,275.45
venda-0273,145.54
venda-0274,905.60
venda-0275,175.92
venda-0276,839.42
venda-0277,883.44
venda-0278,896.76
venda-0279,480.39
venda-0280,345.07
venda-0281,885.39
venda-0282,115.06
venda-0283,962.93
venda-0284,449.32
venda-0285,623.88
venda-0286,80.14
venda-0287,227.61
venda-0288,875.10
venda-0289,410.03
venda-0290,974.05
venda-0291,214.22
venda-0292,767.27
venda-0293,537.91
venda-0294,718.03
venda-0295,514.02
venda-0296,976.75
venda-0297,423.46
venda-0298,761.68
venda-0299,817.33
venda-0300,831.14
venda-0301,60.38
venda-0302,68.40
venda-0303,211.71
venda-0304,239.79
venda-0305,566.39
venda-0306,888.38
venda-0307,877.18
venda-0308,612.32
venda-0309,154.09
venda-0310,823.32
venda-0311,567.61
venda-0312,71.04
venda-0313,807.92
venda-0314,669.04
venda-0315,268.76
venda-0316,72.39
venda-0317,26.30
venda-0318,169.02
venda-0319,563.35
venda-0320,963.04
venda-0321,417.39
venda-0322,474.93
venda-0323,89.31
venda-0324,327.66
venda-0325,310.80
venda-0326,78.04
venda-0327,236.81
venda-0328,446.30
venda-0329,601.57
venda-0330,863.30
venda-0331,928.07
venda-0332,526.14
venda-0333,309.33
venda-0334,581.16
venda-0335,751.30
venda-0336,716.15
venda-0337,283.80
venda-0338,89.55
venda-0339,914.93
venda-0340,417.36
venda-0341,153.27
venda-0342,781.57
venda-0343,94.56
venda-0344,893.73
venda-0345,927.49
venda-0346,764.20
venda-0347,932.91
venda-0348,234.80
venda-0349,749.85
venda-0350,204.47
venda-0351,652.62
venda-0352,725.55
venda-0353,233.37
venda-0354,523.01
venda-0355,274.89
venda-0356,899.13
venda-0357,454.11
venda-0358,660.91
venda-0359,295.60
venda-0360,977.46
venda-0361,854.65
venda-0362,928.11
venda-0363,215.80
venda-0364,946.13
venda-0365,60.17
venda-0366,324.88
venda-0367,481.08
venda-0368,769.73
venda-0369,423.60
venda-0370,13.64
venda-0371,575.09
venda-0372,382.89
venda-0373,542.78
venda-0374,278.35
venda-0375,599.41
venda-0376,928.13
venda-0377,861.78
venda-0378,782.53
venda-0379,867.56
venda-0380,487.40
venda-0381,469.74
venda-0382,368.35
venda-0383,296.78
venda-0384,743.03
venda-0385,56.73
venda-0386,760.69
venda-0387,877.10
venda-0388,773.90
venda-0389,72.22
venda-0390,454.56
venda-0391,600.76
venda-0392,454.08
venda-0393,61.37
venda-0394,965.42
venda-0395,347.49
venda-0396,806.92
venda-0397,762.66
venda-0398,808.68
venda-0399,198.44
venda-0400,227.45
venda-0401,648.25
venda-0402,143.08
venda-0403,702.78
venda-0404,668.98
venda-0405,707.38
venda-0406,665.11
venda-0407,170.67
venda-0408,221.94
venda-0409,732.70
venda-0410,374.81
venda-0411,398.47
venda-0412,138.52
venda-0413,785.49
venda-0414,940.06
venda-0415,372.00
venda-0416,25.32
venda-0417,499.88
venda-0418,272.40
venda-0419,118.47
venda-0420,202.87
venda-0421,815.42
venda-0422,986.58
venda-0423,925.93
venda-0424,845.59
venda-0425,133.37
venda-0426,506.96
venda-0427,255.24
venda-0428,124.37
venda-0429,271.85
venda-0430,61.31
venda-0431,542.68
venda-0432,62.23
venda-0433,598.39
venda-0434,819.28
venda-0435,698.27
venda-0436,154.89
venda-0437,529.77
venda-0438,438.93
venda-0439,702.85
venda-0440,202.76
venda-0441,793.52
venda-0442,185.85
venda-0443,708.70
venda-0444,255.03
venda-0445,897.10
venda-0446,673.73
venda-0447,41.81
venda-0448,714.46
venda-0449,174.57
venda-0450,627.10
venda-0451,791.61
venda-0452,555.36
venda-0453,580.25
venda-0454,365.66
venda-0455,316.06
venda-0456,39.28
venda-0457,770.19
venda-0458,589.06
venda-0459,766.41
venda-0460,254.01
venda-0461,945.17
venda-0462,981.52
venda-0463,131.27
venda-0464,874.84
venda-0465,317.49
venda-0466,730.98
venda-0467,866.35
venda-0468,891.05
venda-0469,560.73
venda-0470,477.34
venda-0471,220.95
venda-0472,260.51
venda-0473,135.59
venda-0474,403.03
venda-0475,594.55
venda-0476,353.48
venda-0477,710.16
venda-0478,353.60
venda-0479,301.16
venda-0480,434.19
venda-0481,809.56
venda-0482,194.30
venda-0483,356.91
venda-0484,12.11
venda-0485,849.22
venda-0486,370.71
venda-0487,988.97
venda-0488,206.13
venda-0489,604.70
venda-0490,28.93
venda-0491,748.15
venda-0492,453.65
venda-0493,320.45
venda-0494,99.65
venda-0495,109.33
venda-0496,695.41
venda-0497,541.33
venda-0498,974.76
venda-0499,433.85
venda-0500,236.03
venda-0501,624.08
venda-0502,812.52
venda-0503,818.71
venda-0504,565.28
venda-0505,868.15
venda-0506,385.33
venda-0507,259.02
venda-0508,21.47
venda-0509,342.04
venda-0510,719.58
venda-0511,428.33
venda-0512,483.13
venda-0513,807.33
venda-0514,743.54
venda-0515,286.16
venda-0516,286.64
venda-0517,633.03
venda-0518,702.20
venda-0519,301.03
venda-0520,981.13
venda-0521,445.84
venda-0522,478.64
venda-0523,177.57
venda-0524,890.60
venda-0525,156.08
venda-0526,202.48
venda-0527,430.45
venda-0528,231.69
venda-0529,313.85
venda-0530,91.48
venda-0531,456.47
venda-0532,723.44
venda-0533,201.01
venda-0534,468.71
venda-0535,358.03
venda-0536,373.64
venda-0537,792.96
venda-0538,173.46
venda-0539,848.44
venda-0540,544.52
venda-0541,232.70
venda-0542,348.37
venda-0543,281.14
venda-0544,280.78
venda-0545,460.77
venda-0546,194.51
venda-0547,23.41
venda-0548,816.20
venda-0549,732.09
venda-0550,326.91
venda-0551,186.99
venda-0552,373.91
venda-0553,172.17
venda-0554,835.43
venda-0555,928.81
venda-0556,224.56
venda-0557,793.86
venda-0558,43.07
venda-0559,13.56
venda-0560,885.85
venda-0561,802.72
venda-0562,259.63
venda-0563,528.92
venda-0564,301.10
venda-0565,674.81
venda-0566,41.96
venda-0567,713.87
venda-0568,527.46
venda-0569,77.95
venda-0570,983.60
venda-0571,607.69
venda-0572,329.80
venda-0573,640.39
venda-0574,776.22
venda-0575,395.53
venda-0576,269.16
venda-0577,801.77
venda-0578,224.20
venda-0579,911.97
venda-0580,792.08
venda-0581,199.02
venda-0582,785.66
venda-0583,215.24
venda-0584,196.34
venda-0585,602.79
venda-0586,456.91
venda-0587,187.26
venda-0588,396.66
venda-0589,586.58
venda-0590,144.74
venda-0591,376.21
venda-0592,808.29
venda-0593,271.05
venda-0594,895.16
venda-0595,595.10
venda-0596,699.43
venda-0597,854.47
venda-0598,530.54
venda-0599,700.44
venda-0600,215.81
venda-0601,799.39
venda-0602,382.35
venda-0603,73.53
venda-0604,606.65
venda-0605,536.15
venda-0606,448.40
venda-0607,792.27
venda-0608,638.40
venda-0609,64.03
venda-0610,999.03
venda-0611,883.93
venda-0612,106.72
venda-0613,443.33
venda-0614,645.24
venda-0615,360.26
venda-0616,604.09
venda-0617,227.91
venda-0618,908.19
venda-0619,281.02
venda-0620,55.39
venda-0621,943.40
venda-0622,809.32
venda-0623,705.83
venda-0624,811.55
venda-0625,353.55
venda-0626,170.74
venda-0627,459.57
venda-0628,752.51
venda-0629,166.63
venda-0630,390.94
venda-0631,544.94
venda-0632,815.96
venda-0633,937.96
venda-0634,639.40
venda-0635,789.94
venda-0636,623.16
venda-0637,539.94
venda-0638,661.29
venda-0639,760.41
venda-0640,786.78
venda-0641,426.75
venda-0642,511.70
venda-0643,698.01
venda-0644,529.54
venda-0645,330.97
venda-0646,204.03
venda-0647,160.69
venda-0648,611.42
venda-0649,649.63
venda-0650,981.38
venda-0651,361.33
venda-0652,523.83
venda-0653,585.08
venda-0654,783.76
venda-0655,536.12
venda-0656,923.95
venda-0657,567.26
venda-0658,514.94
venda-0659,672.90
venda-0660,419.59
venda-0661,349.91
venda-0662,439.42
venda-0663,761.54
venda-0664,830.02
venda-0665,578.50
venda-0666,983.90
venda-0667,373.67
venda-0668,322.20
venda-0669,538.19
venda-0670,881.11
venda-0671,768.98
venda-0672,820.25
venda-0673,473.52
venda-0674,782.03
venda-0675,501.23
venda-0676,371.99
venda-0677,295.05
venda-0678,265.30
venda-0679,521.56
venda-0680,515.76
venda-0681,970.68
venda-0682,867.52
venda-0683,670.65
venda-0684,850.27
venda-0685,55.23
venda-0686,270.31
venda-0687,189.39
venda-0688,31.90
venda-0689,695.95
venda-0690,533.83
venda-0691,232.17
venda-0692,853.98
venda-0693,747.91
venda-0694,811.99
venda-0695,619.59
venda-0696,566.07
venda-0697,217.32
venda-0698,555.80
venda-0699,902.32
venda-0700,237.95
venda-0701,618.86
venda-0702,530.36
venda-0703,602.79
venda-0704,941.83
venda-0705,74.78
venda-0706,10.66
venda-0707,850.46
venda-0708,674.41
venda-0709,840.55
venda-0710,777.24
venda-0711,896.56
venda-0712,83.75
venda-0713,801.00
venda-0714,908.77
venda-0715,638.38
venda-0716,746.55
venda-0717,446.25
venda-0718,553.38
venda-0719,301.71
venda-0720,701.30
venda-0721,261.71
venda-0722,144.57
venda-0723,439.82
venda-0724,96.81
venda-0725,148.71
venda-0726,678.38
venda-0727,404.81
venda-0728,395.08
venda-0729,980.63
venda-0730,519.09
venda-0731,251.08
venda-0732,662.42
venda-0733,786.67
venda-0734,485.16
venda-0735,189.65
venda-0736,580.67
venda-0737,459.60
venda-0738,534.37
venda-0739,164.47
venda-0740,601.40
venda-0741,217.86
venda-0742,181.68
venda-0743,747.04
venda-0744,73.71
venda-0745,506.87
venda-0746,817.05
venda-0747,147.26
venda-0748,475.66
venda-0749,808.57
venda-0750,227.98
venda-0751,46.95
venda-0752,731.41
venda-0753,823.17
venda-0754,950.65
venda-0755,47.98
venda-0756,445.02
venda-0757,413.63
venda-0758,324.00
venda-0759,642.85
venda-0760,913.84
venda-0761,625.42
venda-0762,118.38
venda-0763,90.61
venda-0764,988.75
venda-0765,694.62
venda-0766,98.85
venda-0767,813.93
venda-0768,699.47
venda-0769,255.58
venda-0770,598.85
venda-0771,880.08
venda-0772,470.55
venda-0773,141.78
venda-0774,786.76
venda-0775,310.95
venda-0776,580.18
venda-0777,761.13
venda-0778,213.22
venda-0779,961.67
venda-0780,737.50
venda-0781,255.31
venda-0782,864.81
venda-0783,520.15
venda-0784,876.54
venda-0785,11.95
venda-0786,894.54
venda-0787,937.54
venda-0788,768.14
venda-0789,431.83
venda-0790,247.10
venda-0791,785.60
venda-0792,674.93
venda-0793,365.50
venda-0794,662.65
venda-0795,159.03
venda-0796,364.17
venda-0797,877.09
venda-0798,407.12
venda-0799,488.52
venda-0800,674.12
venda-0801,81.03
venda-0802,285.62
venda-0803,717.96
venda-0804,93.03
venda-0805,800.75
venda-0806,963.54
venda-0807,299.46
venda-0808,379.53
venda-0809,555.80
venda-0810,206.12
venda-0811,536.04
venda-0812,341.85
venda-0813,598.40
venda-0814,628.90
venda-0815,49.83
venda-0816,270.81
venda-0817,129.04
venda-0818,19.96
venda-0819,102.15
venda-0820,598.64
venda-0821,486.39
venda-0822,583.67
venda-0823,184.27
venda-0824,604.13
venda-0825,527.31
venda-0826,780.66
venda-0827,287.71
venda-0828,268.91
venda-0829,811.49
venda-0830,391.89
venda-0831,843.41
venda-0832,204.31
venda-0833,131.33
venda-0834,784.56
venda-0835,257.22
venda-0836,974.25
venda-0837,611.06
venda-0838,217.81
venda-0839,156.53
venda-0840,750.40
venda-0841,536.63
venda-0842,678.05
venda-0843,717.71
venda-0844,190.50
venda-0845,593.55
venda-0846,729.72
venda-0847,772.62
venda-0848,156.81
venda-0849,353.03
venda-0850,341.92
venda-0851,281.00
venda-0852,559.20
venda-0853,851.23
venda-0854,523.83
venda-0855,343.34
venda-0856,140.52
venda-0857,718.89
venda-0858,769.60
venda-0859,53.63
venda-0860,705.76
venda-0861,226.83
venda-0862,615.19
venda-0863,626.85
venda-0864,232.76
venda-0865,448.38
venda-0866,994.00
venda-0867,846.81
venda-0868,788.73
venda-0869,414.41
venda-0870,693.44
venda-0871,936.91
venda-0872,922.41
venda-0873,741.25
venda-0874,834.85
venda-0875,174.90
venda-0876,995.46
venda-0877,479.66
venda-0878,471.74
venda-0879,20.52
venda-0880,378.49
venda-0881,95.58
venda-0882,455.50
venda-0883,775.63
venda-0884,789.27
venda-0885,984.11
venda-0886,854.38
venda-0887,187.29
venda-0888,558.73
venda-0889,659.96
venda-0890,715.63
venda-0891,490.84
venda-0892,661.35
venda-0893,29.18
venda-0894,295.46
venda-0895,826.52
venda-0896,551.53
venda-0897,789.55
venda-0898,414.80
venda-0899,960.26
venda-0900,392.11
venda-0901,164.39
venda-0902,452.01
venda-0903,939.00
venda-0904,146.84
venda-0905,53.17
venda-0906,45.60
venda-0907,493.96
venda-0908,478.98
venda-0909,31.75
venda-0910,323.70
venda-0911,410.04
venda-0912,385.94
venda-0913,72.01
venda-0914,882.54
venda-0915,228.52
venda-0916,34.02
venda-0917,511.98
venda-0918,934.58
venda-0919,623.95
venda-0920,638.42
venda-0921,95.24
venda-0922,204.89
venda-0923,757.73
venda-0924,860.27
venda-0925,106.79
venda-0926,805.66
venda-0927,126.14
venda-0928,156.66
venda-0929,918.17
venda-0930,725.20
venda-0931,487.63
venda-0932,735.30
venda-0933,771.92
venda-0934,118.74
venda-0935,499.96
venda-0936,29.10
venda-0937,193.66
venda-0938,351.79
venda-0939,772.99
venda-0940,563.12
venda-0941,206.07
venda-0942,164.04
venda-0943,539.72
venda-0944,948.63
venda-0945,519.29
venda-0946,192.21
venda-0947,212.83
venda-0948,620.03
venda-0949,212.14
venda-0950,410.82
venda-0951,678.10
venda-0952,78.53
venda-0953,578.57
venda-0954,362.10
venda-0955,545.84
venda-0956,458.42
venda-0957,177.60
venda-0958,347.98
venda-0959,590.70
venda-0960,762.68
venda-0961,275.23
venda-0962,618.81
venda-0963,480.08
venda-0964,297.67
venda-0965,399.00
venda-0966,486.21
venda-0967,767.59
venda-0968,474.32
venda-0969,11.12
venda-0970,482.92
venda-0971,486.37
venda-0972,288.83
venda-0973,325.97
venda-0974,844.69
venda-0975,710.34
venda-0976,966.30
venda-0977,596.61
venda-0978,649.38
venda-0979,862.99
venda-0980,775.48
venda-0981,190.09
venda-0982,216.76
venda-0983,834.59
venda-0984,412.89
venda-0985,876.91
venda-0986,104.70
venda-0987,861.24
venda-0988,858.17
venda-0989,388.36
venda-0990,84.07
venda-0991,184.28
venda-0992,49.35
venda-0993,421.45
venda-0994,789.87
venda-0995,975.21
venda-0996,712.26
venda-0997,787.32
venda-0998,72.95
venda-0999,299.94
venda-1000,610.78
venda-1001,449.18
venda-1002,776.06
venda-1003,816.82
venda-1004,853.43
venda-1005,508.27
venda-1006,451.17
venda-1007,355.27
venda-1008,625.37
venda-1009,539.96
venda-1010,530.01
venda-1011,992.26
venda-1012,505.18
venda-1013,256.95
venda-1014,537.41
venda-1015,774.62
venda-1016,430.24
venda-1017,951.70
venda-1018,414.07
venda-1019,705.93
venda-1020,197.30
venda-1021,747.52
venda-1022,45.93
venda-1023,820.99
venda-1024,958.31
venda-1025,400.64
venda-1026,818.42
venda-1027,769.55
venda-1028,314.85
venda-1029,294.90
venda-1030,173.20
venda-1031,487.09
venda-1032,154.23
venda-1033,828.95
venda-1034,254.72
venda-1035,573.73
venda-1036,392.94
venda-1037,254.18
venda-1038,753.81
venda-1039,535.56
venda-1040,742.66
venda-1041,176.91
venda-1042,61.66
venda-1043,973.65
venda-1044,723.24
venda-1045,374.22
venda-1046,236.55
venda-1047,880.30
venda-1048,818.88
venda-1049,738.21
venda-1050,574.20
venda-1051,508.34
venda-1052,10.99
venda-1053,213.62
venda-1054,180.55
venda-1055,105.96
venda-1056,804.92
venda-1057,711.84
venda-1058,743.07
venda-1059,331.94
venda-1060,29.36
venda-1061,279.68
venda-1062,570.73
venda-1063,803.18
venda-1064,464.39
venda-1065,545.33
venda-1066,627.63
venda-1067,882.52
venda-1068,501.44
venda-1069,516.01
venda-1070,301.09
venda-1071,969.22
venda-1072,456.70
venda-1073,572.77
venda-1074,138.04
venda-1075,150.64
venda-1076,181.18
venda-1077,409.07
venda-1078,874.13
venda-1079,427.36
venda-1080,671.23
venda-1081,647.49
venda-1082,896.24
venda-1083,717.82
venda-1084,527.56
venda-1085,884.59
venda-1086,170.20
venda-1087,990.04
venda-1088,680.23
venda-1089,589.69
venda-1090,358.35
venda-1091,207.55
venda-1092,954.98
venda-1093,662.04
venda-1094,955.16
venda-1095,539.33
venda-1096,354.93
venda-1097,200.98
venda-1098,769.34
venda-1099,725.51
venda-1100,922.82
venda-1101,398.52
venda-1102,245.03
venda-1103,947.40
venda-1104,449.08
venda-1105,27.32
venda-1106,101.35
venda-1107,627.43
venda-1108,115.63
venda-1109,676.82
venda-1110,181.97
venda-1111,611.23
venda-1112,520.87
venda-1113,940.93
venda-1114,82.81
venda-1115,368.85
venda-1116,584.44
venda-1117,491.90
venda-1118,771.84
venda-1119,731.63
venda-1120,964.25
venda-1121,107.44
venda-1122,513.94
venda-1123,328.66
venda-1124,764.05
venda-1125,584.21
venda-1126,555.94
venda-1127,857.34
venda-1128,190.20
venda-1129,723.08
venda-1130,884.10
venda-1131,847.12
venda-1132,961.64
venda-1133,324.30
venda-1134,474.40
venda-1135,841.64
venda-1136,189.21
venda-1137,29.43
venda-1138,167.71
venda-1139,91.63
venda-1140,930.64
venda-1141,317.01
venda-1142,883.18
venda-1143,969.48
venda-1144,415.63
venda-1145,18.94
venda-1146,25.40
venda-1147,603.47
venda-1148,480.55
venda-1149,777.53
venda-1150,702.47
venda-1151,622.93
venda-1152,923.73
venda-1153,74.55
venda-1154,79.56
venda-1155,501.79
venda-1156,652.81
venda-1157,528.90
venda-1158,549.02
venda-1159,767.37
venda-1160,519.08
venda-1161,371.02
venda-1162,350.84
venda-1163,696.65
venda-1164,254.85
venda-1165,602.88
venda-1166,17.84
venda-1167,420.61
venda-1168,829.99
venda-1169,853.15
venda-1170,615.26
venda-1171,123.91
venda-1172,981.69
venda-1173,853.33
venda-1174,781.72
venda-1175,814.46
venda-1176,821.54
venda-1177,553.03
venda-1178,707.71
venda-1179,565.11
venda-1180,602.81
venda-1181,732.61
venda-1182,135.39
venda-1183,285.49
venda-1184,704.79
venda-1185,181.58
venda-1186,497.68
venda-1187,425.66
venda-1188,546.61
venda-1189,27.77
venda-1190,197.76
venda-1191,999.44
venda-1192,785.74
venda-1193,927.89
venda-1194,974.91
venda-1195,383.75
venda-1196,431.56
venda-1197,769.88
venda-1198,733.04
venda-1199,756.45
venda-1200,161.55
venda-1201,954.33
venda-1202,690.35
venda-1203,654.59
venda-1204,93.34
venda-1205,421.92
venda-1206,682.70
venda-1207,573.35
venda-1208,977.65
venda-1209,126.00
venda-1210,132.53
venda-1211,406.21
venda-1212,28.35
venda-1213,382.84
venda-1214,912.78
venda-1215,503.40
venda-1216,802.19
venda-1217,104.07
venda-1218,173.08
venda-1219,565.60
venda-1220,445.95
venda-1221,230.47
venda-1222,766.49
venda-1223,567.85
venda-1224,848.65
venda-1225,383.73
venda-1226,170.19
venda-1227,37.11
venda-1228,722.95
venda-1229,267.78
venda-1230,371.22
venda-1231,363.02
venda-1232,898.16
venda-1233,830.92
venda-1234,759.18
venda-1235,411.94
venda-1236,744.26
venda-1237,733.67
venda-1238,584.03
venda-1239,248.82
venda-1240,440.86
venda-1241,600.31
venda-1242,303.07
venda-1243,627.61
venda-1244,35.25
venda-1245,185.56
venda-1246,329.16
venda-1247,330.62
venda-1248,791.81
venda-1249,47.85
venda-1250,76.18
venda-1251,347.58
venda-1252,798.03
venda-1253,264.46
venda-1254,589.63
venda-1255,416.46
venda-1256,711.39
venda-1257,835.08
venda-1258,911.58
venda-1259,692.22
venda-1260,596.18
venda-1261,719.19
venda-1262,707.20
venda-1263,896.81
venda-1264,456.77
venda-1265,34.34
venda-1266,700.85
venda-1267,823.77
venda-1268,236.94
venda-1269,238.22
venda-1270,21.54
venda-1271,550.74
venda-1272,176.37
venda-1273,867.62
venda-1274,483.43
venda-1275,69.25
venda-1276,57.21
venda-1277,988.04
venda-1278,745.92
venda-1279,910.05
venda-1280,853.93
venda-1281,509.31
venda-1282,599.52
venda-1283,107.75
venda-1284,792.95
venda-1285,987.75
venda-1286,259.22
venda-1287,514.66
venda-1288,609.36
venda-1289,684.12
venda-1290,215.56
venda-1291,767.77
venda-1292,885.49
venda-1293,328.37
venda-1294,20.11
venda-1295,673.73
venda-1296,962.28
venda-1297,403.55
venda-1298,827.92
venda-1299,363.29
venda-1300,344.01
venda-1301,220.99
venda-1302,821.88
venda-1303,985.84
venda-1304,643.19
venda-1305,22.43
venda-1306,32.34
venda-1307,940.58
venda-1308,674.74
venda-1309,100.35
venda-1310,91.94
venda-1311,860.64
venda-1312,979.89
venda-1313,312.15
venda-1314,687.14
venda-1315,55.46
venda-1316,736.63
venda-1317,922.85
venda-1318,278.83
venda-1319,887.43
venda-1320,750.99
venda-1321,557.13
venda-1322,673.24
venda-1323,582.53
venda-1324,776.05
venda-1325,385.47
venda-1326,379.26
venda-1327,290.98
venda-1328,788.79
venda-1329,260.80
venda-1330,600.24
venda-1331,269.80
venda-1332,371.03
venda-1333,426.79
venda-1334,545.55
venda-1335,633.32
venda-1336,744.13
venda-1337,948.74
venda-1338,519.67
venda-1339,651.76
venda-1340,563.82
venda-1341,97.99
venda-1342,546.05
venda-1343,865.42
venda-1344,456.95
venda-1345,597.95
venda-1346,70.78
venda-1347,864.75
venda-1348,953.39
venda-1349,105.82
venda-1350,812.25
venda-1351,324.59
venda-1352,908.54
venda-1353,651.73
venda-1354,182.79
venda-1355,534.27
venda-1356,122.87
venda-1357,278.43
venda-1358,705.23
venda-1359,809.54
venda-1360,674.52
venda-1361,905.26
venda-1362,480.51
venda-1363,763.12
venda-1364,308.71
venda-1365,656.03
venda-1366,792.78
venda-1367,829.48
venda-1368,126.81
venda-1369,985.33
venda-1370,131.50
venda-1371,358.01
venda-1372,24.18
venda-1373,207.57
venda-1374,103.71
venda-1375,417.73
venda-1376,308.35
venda-1377,28.72
venda-1378,578.73
venda-1379,130.19
venda-1380,640.70
venda-1381,289.23
venda-1382,983.89
venda-1383,646.08
venda-1384,756.03
venda-1385,766.16
venda-1386,993.14
venda-1387,712.93
venda-1388,514.94
venda-1389,393.50
venda-1390,539.99
venda-1391,159.10
venda-1392,71.57
venda-1393,631.92
venda-1394,194.30
venda-1395,975.97
venda-1396,925.84
venda-1397,832.68
venda-1398,575.08
venda-1399,727.20
venda-1400,300.99
venda-1401,108.05
venda-1402,309.39
venda-1403,719.42
venda-1404,901.05
venda-1405,134.80
venda-1406,215.00
venda-1407,166.51
venda-1408,965.10
venda-1409,777.84
venda-1410,998.11
venda-1411,470.07
venda-1412,104.21
venda-1413,933.47
venda-1414,341.88
venda-1415,240.25
venda-1416,961.91
venda-1417,684.47
venda-1418,551.13
venda-1419,60.11
venda-1420,703.50
venda-1421,660.65
venda-1422,753.02
venda-1423,632.57
venda-1424,219.99
venda-1425,342.55
venda-1426,690.13
venda-1427,568.79
venda-1428,825.78
venda-1429,320.39
venda-1430,12.11
venda-1431,504.42
venda-1432,865.49
venda-1433,215.35
venda-1434,499.96
venda-1435,856.69
venda-1436,133.94
venda-1437,681.30
venda-1438,437.96
venda-1439,17.97
venda-1440,64.09
venda-1441,269.20
venda-1442,478.05
venda-1443,685.78
venda-1444,170.77
venda-1445,719.30
venda-1446,62.99
venda-1447,490.95
venda-1448,236.26
venda-1449,191.94
venda-1450,764.19
venda-1451,721.63
venda-1452,793.66
venda-1453,16.80
venda-1454,993.79
venda-1455,415.88
venda-1456,978.84
venda-1457,702.60
venda-1458,237.49
venda-1459,787.94
venda-1460,632.53
venda-1461,237.20
venda-1462,586.95
venda-1463,988.46
venda-1464,829.44
venda-1465,921.60
venda-1466,647.79
venda-1467,357.29
venda-1468,840.16
venda-1469,135.47
venda-1470,245.49
venda-1471,340.99
venda-1472,970.27
venda-1473,289.24
venda-1474,333.01
venda-1475,883.53
venda-1476,438.50
venda-1477,918.67
venda-1478,417.85
venda-1479,545.15
venda-1480,141.28
venda-1481,407.23
venda-1482,177.32
venda-1483,458.78
venda-1484,874.55
venda-1485,210.61
venda-1486,918.99
venda-1487,967.47
venda-1488,548.93
venda-1489,320.15
venda-1490,708.37
venda-1491,566.53
venda-1492,334.30
venda-1493,919.82
venda-1494,127.86
venda-1495,331.12
venda-1496,903.21
venda-1497,794.10
venda-1498,259.61
venda-1499,321.83
venda-1500,788.54
venda-1501,503.69
venda-1502,741.12
venda-1503,34.84
venda-1504,472.39
venda-1505,616.76
venda-1506,409.71
venda-1507,864.43
venda-1508,898.64
venda-1509,177.96
venda-1510,971.69
venda-1511,701.48
venda-1512,481.99
venda-1513,388.43
venda-1514,172.31
venda-1515,921.57
venda-1516,291.48
venda-1517,270.64
venda-1518,343.53
venda-1519,660.50
venda-1520,865.58
venda-1521,319.39
venda-1522,479.01
venda-1523,652.98
venda-1524,866.97
venda-1525,864.68
venda-1526,919.66
venda-1527,767.12
venda-1528,457.56
venda-1529,958.04
venda-1530,439.80
venda-1531,60.15
venda-1532,948.62
venda-1533,916.17
venda-1534,141.74
venda-1535,651.69
venda-1536,429.69
venda-1537,193.54
venda-1538,671.69
venda-1539,483.05
venda-1540,587.67
venda-1541,722.47
venda-1542,951.31
venda-1543,409.69
venda-1544,762.18
venda-1545,421.84
venda-1546,334.24
venda-1547,94.79
venda-1548,747.85
venda-1549,423.60
venda-1550,307.33
venda-1551,202.51
venda-1552,794.95
venda-1553,328.04
venda-1554,860.25
venda-1555,42.54
venda-1556,766.01
venda-1557,79.08
venda-1558,334.97
venda-1559,632.05
venda-1560,878.03
venda-1561,590.50
venda-1562,954.76
venda-1563,854.87
venda-1564,982.88
venda-1565,171.41
venda-1566,847.77
venda-1567,581.19
venda-1568,651.79
venda-1569,350.57
venda-1570,646.21
venda-1571,28.55
venda-1572,888.73
venda-1573,466.83
venda-1574,254.04
venda-1575,403.07
venda-1576,937.98
venda-1577,820.00
venda-1578,934.85
venda-1579,102.45
venda-1580,134.77
venda-1581,897.33
venda-1582,751.08
venda-1583,238.53
venda-1584,351.29
venda-1585,986.26
venda-1586,585.24
venda-1587,914.29
venda-1588,546.74
venda-1589,841.06
venda-1590,889.00
venda-1591,596.54
venda-1592,277.56
venda-1593,859.65
venda-1594,781.45
venda-1595,88.02
venda-1596,583.54
venda-1597,611.76
venda-1598,534.76
venda-1599,878.70
venda-1600,152.25
venda-1601,216.06
venda-1602,636.10
venda-1603,559.40
venda-1604,874.29
venda-1605,657.26
venda-1606,736.85
venda-1607,14.58
venda-1608,147.56
venda-1609,218.62
venda-1610,268.95
venda-1611,850.66
venda-1612,199.31
venda-1613,142.13
venda-1614,168.72
venda-1615,254.97
venda-1616,37.12
venda-1617,969.30
venda-1618,141.77
venda-1619,575.52
venda-1620,326.62
venda-1621,693.52
venda-1622,222.78
venda-1623,339.60
venda-1624,189.78
venda-1625,372.52
venda-1626,214.90
venda-1627,618.35
venda-1628,787.69
venda-1629,842.52
venda-1630,588.24
venda-1631,989.52
venda-1632,741.99
venda-1633,518.17
venda-1634,367.54
venda-1635,570.20
venda-1636,597.13
venda-1637,627.07
venda-1638,424.02
venda-1639,487.22
venda-1640,802.11
venda-1641,598.54
venda-1642,408.53
venda-1643,558.58
venda-1644,122.41
venda-1645,841.03
venda-1646,554.31
venda-1647,674.04
venda-1648,294.73
venda-1649,323.85
venda-1650,714.03
venda-1651,346.47
venda-1652,531.00
venda-1653,549.60
venda-1654,138.96
venda-1655,224.93
venda-1656,112.46
venda-1657,20.39
venda-1658,184.31
venda-1659,909.19
venda-1660,652.38
venda-1661,393.70
venda-1662,789.97
venda-1663,278.96
venda-1664,771.95
venda-1665,149.11
venda-1666,347.33
venda-1667,805.59
venda-1668,843.67
venda-1669,215.26
venda-1670,124.52
venda-1671,572.10
venda-1672,115.04
venda-1673,755.95
venda-1674,287.83
venda-1675,295.92
venda-1676,855.39
venda-1677,199.66
venda-1678,803.50
venda-1679,410.83
venda-1680,314.52
venda-1681,965.68
venda-1682,167.58
venda-1683,963.90
venda-1684,251.81
venda-1685,461.11
venda-1686,308.05
venda-1687,951.67
venda-1688,636.43
venda-1689,518.36
venda-1690,607.96
venda-1691,397.62
venda-1692,40.22
venda-1693,533.69
venda-1694,85.68
venda-1695,643.81
venda-1696,873.37
venda-1697,36.41
venda-1698,368.57
venda-1699,511.92
venda-1700,48.27
venda-1701,185.47
venda-1702,303.25
venda-1703,661.57
venda-1704,43.02
venda-1705,387.11
venda-1706,865.41
venda-1707,955.40
venda-1708,153.70
venda-1709,854.79
venda-1710,185.81
venda-1711,831.80
venda-1712,394.78
venda-1713,763.71
venda-1714,464.11
venda-1715,930.56
venda-1716,553.11
venda-1717,540.73
venda-1718,107.22
venda-1719,255.75
venda-1720,503.65
venda-1721,551.89
venda-1722,660.91
venda-1723,31.06
venda-1724,133.31
venda-1725,357.90
venda-1726,795.99
venda-1727,47.53
venda-1728,285.01
venda-1729,307.25
venda-1730,599.37
venda-1731,510.24
venda-1732,361.28
venda-1733,323.93
venda-1734,623.36
venda-1735,883.94
venda-1736,537.10
venda-1737,372.98
venda-1738,817.11
venda-1739,371.62
venda-1740,968.00
venda-1741,941.63
venda-1742,771.03
venda-1743,770.03
venda-1744,691.64
venda-1745,291.48
venda-1746,791.40
venda-1747,617.88
venda-1748,394.45
venda-1749,571.04
venda-1750,582.76
venda-1751,506.13
venda-1752,290.01
venda-1753,82.16
venda-1754,413.15
venda-1755,130.97
venda-1756,134.47
venda-1757,712.25
venda-1758,157.61
venda-1759,251.76
venda-1760,993.26
venda-1761,64.24
venda-1762,308.15
venda-1763,841.22
venda-1764,31.20
venda-1765,191.50
venda-1766,849.93
venda-1767,763.62
venda-1768,583.06
venda-1769,315.61
venda-1770,63.18
venda-1771,965.99
venda-1772,292.05
venda-1773,63.12
venda-1774,398.87
venda-1775,728.02
venda-1776,994.68
venda-1777,38.38
venda-1778,834.90
venda-1779,327.20
venda-1780,612.26
venda-1781,799.56
venda-1782,993.60
venda-1783,462.85
venda-1784,326.29
venda-1785,468.76
venda-1786,663.80
venda-1787,738.26
venda-1788,802.47
venda-1789,108.59
venda-1790,894.85
venda-1791,921.42
venda-1792,243.95
venda-1793,328.81
venda-1794,903.21
venda-1795,957.11
venda-1796,634.79
venda-1797,141.47
venda-1798,234.44
venda-1799,745.29
venda-1800,461.54
venda-1801,493.42
venda-1802,104.65
venda-1803,395.14
venda-1804,677.39
venda-1805,365.35
venda-1806,886.76
venda-1807,247.55
venda-1808,834.40
venda-1809,376.78
venda-1810,856.77
venda-1811,659.08
venda-1812,361.97
venda-1813,292.07
venda-1814,215.71
venda-1815,394.38
venda-1816,351.80
venda-1817,800.16
venda-1818,173.37
venda-1819,782.44
venda-1820,695.53
venda-1821,471.56
venda-1822,838.06
venda-1823,699.38
venda-1824,619.01
venda-1825,604.00
venda-1826,576.91
venda-1827,248.41
venda-1828,451.14
venda-1829,777.33
venda-1830,69.89
venda-1831,619.12
venda-1832,596.69
venda-1833,458.99
venda-1834,610.37
venda-1835,354.33
venda-1836,537.83
venda-1837,698.12
venda-1838,981.98
venda-1839,502.84
venda-1840,749.08
venda-1841,905.25
venda-1842,901.82
venda-1843,490.19
venda-1844,656.57
venda-1845,65.43
venda-1846,784.14
venda-1847,848.90
venda-1848,256.28
venda-1849,994.01
venda-1850,748.87
venda-1851,181.71
venda-1852,588.36
venda-1853,166.29
venda-1854,944.25
venda-1855,384.34
venda-1856,474.06
venda-1857,229.37
venda-1858,681.32
venda-1859,850.55
venda-1860,329.84
venda-1861,24.27
venda-1862,148.51
venda-1863,234.81
venda-1864,248.08
venda-1865,132.90
venda-1866,245.51
venda-1867,497.68
venda-1868,491.05
venda-1869,714.82
venda-1870,303.50
venda-1871,582.24
venda-1872,17.62
venda-1873,303.87
venda-1874,913.18
venda-1875,605.55
venda-1876,508.02
venda-1877,693.26
venda-1878,810.22
venda-1879,638.46
venda-1880,925.28
venda-1881,912.38
venda-1882,949.54
venda-1883,858.63
venda-1884,641.91
venda-1885,983.89
venda-1886,141.95
venda-1887,101.94
venda-1888,849.03
venda-1889,813.68
venda-1890,578.66
venda-1891,78.15
venda-1892,891.35
venda-1893,939.03
venda-1894,917.60
venda-1895,245.26
venda-1896,877.33
venda-1897,569.20
venda-1898,930.98
venda-1899,12.27
venda-1900,630.40
venda-1901,212.18
venda-1902,318.62
venda-1903,334.70
venda-1904,577.82
venda-1905,189.57
venda-1906,387.69
venda-1907,947.75
venda-1908,525.86
venda-1909,796.94
venda-1910,801.16
venda-1911,332.46
venda-1912,741.62
venda-1913,675.69
venda-1914,866.39
venda-1915,169.25
venda-1916,259.54
venda-1917,821.22
venda-1918,746.39
venda-1919,484.28
venda-1920,968.19
venda-1921,552.25
venda-1922,481.54
venda-1923,603.82
venda-1924,887.28
venda-1925,77.82
venda-1926,840.59
venda-1927,381.15
venda-1928,515.57
venda-1929,190.01
venda-1930,122.02
venda-1931,865.57
venda-1932,191.82
venda-1933,357.16
venda-1934,560.87
venda-1935,231.11
venda-1936,824.30
venda-1937,994.06
venda-1938,866.53
venda-1939,585.72
venda-1940,836.89
venda-1941,959.09
venda-1942,394.79
venda-1943,634.45
venda-1944,937.98
venda-1945,927.66
venda-1946,469.65
venda-1947,716.57
venda-1948,719.13
venda-1949,11.58
venda-1950,516.47
venda-1951,686.72
venda-1952,332.17
venda-1953,198.48
venda-1954,661.76
venda-1955,442.04
venda-1956,181.21
venda-1957,45.08
venda-1958,927.08
venda-1959,601.26
venda-1960,804.47
venda-1961,937.04
venda-1962,423.67
venda-1963,197.00
venda-1964,604.37
venda-1965,577.97
venda-1966,187.64
venda-1967,467.00
venda-1968,428.15
venda-1969,718.23
venda-1970,918.66
venda-1971,938.67
venda-1972,156.79
venda-1973,110.22
venda-1974,459.68
venda-1975,317.45
venda-1976,295.74
venda-1977,732.99
venda-1978,902.50
venda-1979,138.37
venda-1980,101.07
venda-1981,293.89
venda-1982,766.43
venda-1983,86.23
venda-1984,933.11
venda-1985,68.58
venda-1986,350.51
venda-1987,807.62
venda-1988,22.49
venda-1989,619.57
venda-1990,175.21
venda-1991,906.47
venda-1992,797.24
venda-1993,235.68
venda-1994,751.74
venda-1995,383.54
venda-1996,491.73
venda-1997,142.94
venda-1998,266.94
venda-1999,627.52
venda-2000,513.52
venda-2001,249.50
venda-2002,25.30
venda-2003,515.45
venda-2004,534.56
venda-2005,850.09
venda-2006,379.60
venda-2007,657.41
venda-2008,40.34
venda-2009,400.56
venda-2010,809.20
venda-2011,883.23
venda-2012,982.66
venda-2013,459.36
venda-2014,832.27
venda-2015,23.78
venda-2016,948.41
venda-2017,882.92
venda-2018,757.06
venda-2019,164.86
venda-2020,868.16
venda-2021,234.55
venda-2022,672.81
venda-2023,91.25
venda-2024,160.83
venda-2025,461.64
venda-2026,662.58
venda-2027,361.18
venda-2028,662.72
venda-2029,67.25
venda-2030,754.13
venda-2031,463.13
venda-2032,765.18
venda-2033,242.21
venda-2034,546.18
venda-2035,675.50
venda-2036,590.12
venda-2037,671.14
venda-2038,823.33
venda-2039,191.06
venda-2040,630.05
venda-2041,871.38
venda-2042,195.05
venda-2043,936.43
venda-2044,809.73
venda-2045,500.39
venda-2046,80.47
venda-2047,103.91
venda-2048,988.21
venda-2049,751.14
venda-2050,261.04
venda-2051,992.77
venda-2052,228.57
venda-2053,789.09
venda-2054,757.33
venda-2055,798.11
venda-2056,807.18
venda-2057,474.12
venda-2058,965.51
venda-2059,487.46
venda-2060,947.89
venda-2061,321.79
venda-2062,960.20
venda-2063,223.05
venda-2064,12.73
venda-2065,895.94
venda-2066,969.36
venda-2067,179.54
venda-2068,728.45
venda-2069,836.40
venda-2070,53.83
venda-2071,567.12
venda-2072,288.47
venda-2073,217.30
venda-2074,284.32
venda-2075,685.05
venda-2076,900.50
venda-2077,829.22
venda-2078,300.60
venda-2079,529.10
venda-2080,920.69
venda-2081,333.42
venda-2082,562.38
venda-2083,844.44
venda-2084,578.71
venda-2085,324.64
venda-2086,142.29
venda-2087,149.71
venda-2088,48.50
venda-2089,207.05
venda-2090,173.01
venda-2091,687.08
venda-2092,444.58
venda-2093,483.82
venda-2094,483.30
venda-2095,394.76
venda-2096,643.51
venda-2097,763.27
venda-2098,990.27
venda-2099,808.68
venda-2100,584.99
venda-2101,954.79
venda-2102,41.57
venda-2103,829.39
venda-2104,620.64
venda-2105,47.21
venda-2106,59.88
venda-2107,870.45
venda-2108,246.59
venda-2109,295.29
venda-2110,622.38
venda-2111,537.38
venda-2112,49.81
venda-2113,800.17
venda-2114,279.42
venda-2115,225.87
venda-2116,981.74
venda-2117,54.83
venda-2118,179.95
venda-2119,993.73
venda-2120,557.58
venda-2121,698.44
venda-2122,269.98
venda-2123,22.73
venda-2124,12.00
venda-2125,705.03
venda-2126,120.93
venda-2127,368.92
venda-2128,466.79
venda-2129,568.89
venda-2130,538.84
venda-2131,951.01
venda-2132,841.92
venda-2133,705.60
venda-2134,394.37
venda-2135,283.34
venda-2136,612.30
venda-2137,899.56
venda-2138,47.85
venda-2139,600.24
venda-2140,934.59
venda-2141,866.97
venda-2142,647.65
venda-2143,952.60
venda-2144,862.15
venda-2145,195.34
venda-2146,376.27
venda-2147,654.09
venda-2148,631.48
venda-2149,153.42
venda-2150,863.99
venda-2151,934.40
venda-2152,232.62
venda-2153,655.63
venda-2154,714.00
venda-2155,583.41
venda-2156,244.79
venda-2157,194.43
venda-2158,295.75
venda-2159,628.96
venda-2160,216.61
venda-2161,361.76
venda-2162,490.65
venda-2163,927.37
venda-2164,876.77
venda-2165,951.30
venda-2166,677.28
venda-2167,159.81
venda-2168,865.61
venda-2169,865.44
venda-2170,462.10
venda-2171,616.94
venda-2172,36.82
venda-2173,796.11
venda-2174,422.31
venda-2175,433.39
venda-2176,291.25
venda-2177,273.14
venda-2178,495.19
venda-2179,393.78
venda-2180,626.73
venda-2181,346.10
venda-2182,482.87
venda-2183,176.51
venda-2184,637.06
venda-2185,624.89
venda-2186,90.66
venda-2187,179.28
venda-2188,224.60
venda-2189,582.69
venda-2190,854.93
venda-2191,347.13
venda-2192,602.25
venda-2193,85.79
venda-2194,228.08
venda-2195,399.93
venda-2196,652.54
venda-2197,843.27
venda-2198,980.98
venda-2199,528.02
venda-2200,869.50
venda-2201,383.27
venda-2202,315.65
venda-2203,71.25
venda-2204,728.36
venda-2205,164.38
venda-2206,306.51
venda-2207,132.47
venda-2208,764.98
venda-2209,810.72
venda-2210,334.20
venda-2211,367.57
venda-2212,919.79
venda-2213,696.86
venda-2214,388.00
venda-2215,803.31
venda-2216,218.56
venda-2217,829.86
venda-2218,605.57
venda-2219,675.92
venda-2220,430.50
venda-2221,770.23
venda-2222,382.76
venda-2223,383.27
venda-2224,595.54
venda-2225,42.40
venda-2226,949.57
venda-2227,696.90
venda-2228,138.86
venda-2229,868.92
venda-2230,182.70
venda-2231,357.95
venda-2232,550.73
venda-2233,860.19
venda-2234,743.02
venda-2235,126.63
venda-2236,910.34
venda-2237,900.18
venda-2238,392.69
venda-2239,659.04
venda-2240,629.10
venda-2241,311.62
venda-2242,26.20
venda-2243,680.29
venda-2244,190.36
venda-2245,937.71
venda-2246,209.18
venda-2247,901.06
venda-2248,502.39
venda-2249,586.35
venda-2250,144.35
venda-2251,178.93
venda-2252,793.19
venda-2253,743.66
venda-2254,139.07
venda-2255,914.86
venda-2256,409.19
venda-2257,104.67
venda-2258,225.52
venda-2259,492.77
venda-2260,552.44
venda-2261,650.93
venda-2262,499.63
venda-2263,767.90
venda-2264,619.06
venda-2265,458.15
venda-2266,555.52
venda-2267,217.68
venda-2268,519.46
venda-2269,272.12
venda-2270,770.53
venda-2271,484.53
venda-2272,81.44
venda-2273,367.16
venda-2274,380.01
venda-2275,850.53
venda-2276,724.80
venda-2277,843.05
venda-2278,520.11
venda-2279,218.98
venda-2280,487.78
venda-2281,319.74
venda-2282,708.47
venda-2283,505.22
venda-2284,575.44
venda-2285,83.90
venda-2286,721.25
venda-2287,11.49
venda-2288,89.59
venda-2289,717.74
venda-2290,868.50
venda-2291,48.59
venda-2292,458.99
venda-2293,701.02
venda-2294,381.02
venda-2295,340.13
venda-2296,551.14
venda-2297,31.69
venda-2298,513.69
venda-2299,785.85
venda-2300,726.01
venda-2301,790.55
venda-2302,240.43
venda-2303,917.24
venda-2304,298.50
venda-2305,483.38
venda-2306,832.62
venda-2307,467.73
venda-2308,909.92
venda-2309,967.33
venda-2310,988.33
venda-2311,805.28
venda-2312,317.53
venda-2313,610.62
venda-2314,636.80
venda-2315,947.55
venda-2316,952.23
venda-2317,212.30
venda-2318,491.08
venda-2319,138.18
venda-2320,191.38
venda-2321,667.65
venda-2322,379.31
venda-2323,767.57
venda-2324,511.82
venda-2325,313.93
venda-2326,620.34
venda-2327,954.58
venda-2328,413.95
venda-2329,319.56
venda-2330,218.00
venda-2331,664.89
venda-2332,70.18
venda-2333,623.35
venda-2334,796.18
venda-2335,504.32
venda-2336,457.99
venda-2337,124.47
venda-2338,46.27
venda-2339,108.71
venda-2340,49.20
venda-2341,40.11
venda-2342,402.12
venda-2343,192.83
venda-2344,665.38
venda-2345,156.94
venda-2346,680.03
venda-2347,524.81
venda-2348,294.76
venda-2349,546.04
venda-2350,828.71
venda-2351,640.83
venda-2352,555.35
venda-2353,816.76
venda-2354,51.33
venda-2355,46.46
venda-2356,390.09
venda-2357,243.78
venda-2358,748.21
venda-2359,229.06
venda-2360,534.26
venda-2361,814.79
venda-2362,621.45
venda-2363,753.19
venda-2364,179.60
venda-2365,209.81
venda-2366,108.66
venda-2367,344.67
venda-2368,992.58
venda-2369,968.88
venda-2370,179.58
venda-2371,203.42
venda-2372,201.78
venda-2373,802.42
venda-2374,684.23
venda-2375,410.12
venda-2376,439.96
venda-2377,486.24
venda-2378,453.60
venda-2379,223.34
venda-2380,556.80
venda-2381,175.35
venda-2382,865.27
venda-2383,192.47
venda-2384,772.19
venda-2385,552.80
venda-2386,836.48
venda-2387,673.21
venda-2388,74.24
venda-2389,667.21
venda-2390,177.44
venda-2391,598.86
venda-2392,376.42
venda-2393,620.38
venda-2394,62.21
venda-2395,313.96
venda-2396,377.89
venda-2397,101.79
venda-2398,837.79
venda-2399,340.08
venda-2400,330.55
venda-2401,574.90
venda-2402,837.95
venda-2403,823.16
venda-2404,389.55
venda-2405,53.40
venda-2406,871.22
venda-2407,234.30
venda-2408,331.56
venda-2409,160.42
venda-2410,997.30
venda-2411,195.75
venda-2412,663.14
venda-2413,375.45
venda-2414,460.39
venda-2415,637.32
venda-2416,426.56
venda-2417,833.80
venda-2418,854.59
venda-2419,361.06
venda-2420,795.01
venda-2421,999.55
venda-2422,52.25
venda-2423,28.56
venda-2424,958.42
venda-2425,731.07
venda-2426,850.44
venda-2427,938.89
venda-2428,467.21
venda-2429,488.81
venda-2430,819.41
venda-2431,636.86
venda-2432,831.47
venda-2433,459.47
venda-2434,594.29
venda-2435,454.75
venda-2436,572.30
venda-2437,835.87
venda-2438,324.09
venda-2439,390.45
venda-2440,553.76
venda-2441,265.33
venda-2442,416.93
venda-2443,222.08
venda-2444,449.67
venda-2445,682.85
venda-2446,213.00
venda-2447,152.20
venda-2448,854.49
venda-2449,312.90
venda-2450,371.71
venda-2451,973.18
venda-2452,898.71
venda-2453,445.89
venda-2454,684.13
venda-2455,793.33
venda-2456,929.66
venda-2457,960.15
venda-2458,884.42
venda-2459,421.82
venda-2460,77.82
venda-2461,118.04
venda-2462,439.92
venda-2463,582.13
venda-2464,290.26
venda-2465,951.55
venda-2466,901.96
venda-2467,794.04
venda-2468,340.41
venda-2469,567.46
venda-2470,968.27
venda-2471,991.21
venda-2472,419.21
venda-2473,916.90
venda-2474,64.14
venda-2475,494.11
venda-2476,750.98
venda-2477,647.38
venda-2478,923.13
venda-2479,800.84
venda-2480,988.51
venda-2481,366.76
venda-2482,883.38
venda-2483,196.91
venda-2484,487.65
venda-2485,495.24
venda-2486,873.59
venda-2487,955.81
venda-2488,90.47
venda-2489,611.14
venda-2490,59.94
venda-2491,607.26
venda-2492,810.00
venda-2493,571.63
venda-2494,891.53
venda-2495,448.01
venda-2496,368.66
venda-2497,791.60
venda-2498,633.09
venda-2499,496.26
venda-2500,577.97
venda-2501,929.96
venda-2502,692.33
venda-2503,823.47
venda-2504,533.92
venda-2505,32.39
venda-2506,355.57
venda-2507,372.60
venda-2508,954.43
venda-2509,300.98
venda-2510,104.15
venda-2511,309.29
venda-2512,937.05
venda-2513,149.15
venda-2514,911.29
venda-2515,460.58
venda-2516,37.92
venda-2517,554.83
venda-2518,187.45
venda-2519,989.69
venda-2520,679.58
venda-2521,163.69
venda-2522,189.98
venda-2523,767.83
venda-2524,687.54
venda-2525,328.78
venda-2526,184.78
venda-2527,118.89
venda-2528,605.72
venda-2529,693.32
venda-2530,343.48
venda-2531,976.06
venda-2532,728.12
venda-2533,601.26
venda-2534,327.80
venda-2535,744.66
venda-2536,999.15
venda-2537,89.51
venda-2538,758.65
venda-2539,101.27
venda-2540,797.49
venda-2541,147.99
venda-2542,267.40
venda-2543,977.14
venda-2544,566.32
venda-2545,122.36
venda-2546,573.71
venda-2547,707.26
venda-2548,731.91
venda-2549,878.34
venda-2550,845.54
venda-2551,403.42
venda-2552,762.53
venda-2553,639.19
venda-2554,364.66
venda-2555,125.90
venda-2556,42.53
venda-2557,233.35
venda-2558,897.23
venda-2559,444.88
venda-2560,34.40
venda-2561,36.91
venda-2562,935.09
venda-2563,288.76
venda-2564,420.13
venda-2565,531.96
venda-2566,887.04
venda-2567,479.03
venda-2568,680.74
venda-2569,508.49
venda-2570,541.81
venda-2571,355.00
venda-2572,849.16
venda-2573,568.53
venda-2574,937.81
venda-2575,261.66
venda-2576,567.67
venda-2577,569.06
venda-2578,987.19
venda-2579,299.35
venda-2580,436.95
venda-2581,648.15
venda-2582,325.89
venda-2583,670.57
venda-2584,25.02
venda-2585,713.15
venda-2586,398.43
venda-2587,47.97
venda-2588,292.96
venda-2589,992.37
venda-2590,138.09
venda-2591,839.53
venda-2592,884.18
venda-2593,880.69
venda-2594,583.61
venda-2595,537.55
venda-2596,642.70
venda-2597,902.44
venda-2598,935.40
venda-2599,201.11
venda-2600,541.24
venda-2601,632.24
venda-2602,811.20
venda-2603,785.91
venda-2604,727.07
venda-2605,18.97
venda-2606,865.72
venda-2607,651.14
venda-2608,786.12
venda-2609,52.12
venda-2610,874.01
venda-2611,92.40
venda-2612,915.90
venda-2613,515.57
venda-2614,972.30
venda-2615,757.12
venda-2616,721.24
venda-2617,540.03
venda-2618,20.19
venda-2619,344.26
venda-2620,461.65
venda-2621,621.21
venda-2622,853.71
venda-2623,522.07
venda-2624,568.04
venda-2625,163.72
venda-2626,183.99
venda-2627,733.51
venda-2628,480.59
venda-2629,195.73
venda-2630,263.11
venda-2631,575.68
venda-2632,765.88
venda-2633,507.98
venda-2634,560.03
venda-2635,778.05
venda-2636,213.09
venda-2637,122.90
venda-2638,179.96
venda-2639,440.51
venda-2640,444.96
venda-2641,772.93
venda-2642,947.69
venda-2643,500.02
venda-2644,180.04
venda-2645,630.13
venda-2646,234.11
venda-2647,298.84
venda-2648,726.24
venda-2649,873.53
venda-2650,864.69
venda-2651,718.56
venda-2652,315.88
venda-2653,544.48
venda-2654,15.59
venda-2655,718.71
venda-2656,108.53
venda-2657,523.19
venda-2658,772.33
venda-2659,272.64
venda-2660,70.57
venda-2661,419.96
venda-2662,417.91
venda-2663,183.03
venda-2664,556.04
venda-2665,463.64
venda-2666,603.55
venda-2667,79.04
venda-2668,532.30
venda-2669,825.10
venda-2670,354.66
venda-2671,740.83
venda-2672,513.11
venda-2673,334.98
venda-2674,116.59
venda-2675,286.17
venda-2676,302.46
venda-2677,956.76
venda-2678,382.20
venda-2679,232.40
venda-2680,292.43
venda-2681,253.58
venda-2682,141.82
venda-2683,578.52
venda-2684,484.06
venda-2685,266.96
venda-2686,325.21
venda-2687,627.51
venda-2688,537.10
venda-2689,538.02
venda-2690,571.22
venda-2691,525.07
venda-2692,661.91
venda-2693,626.69
venda-2694,12.95
venda-2695,153.98
venda-2696,27.83
venda-2697,773.67
venda-2698,597.50
venda-2699,733.96
venda-2700,456.58
venda-2701,605.77
venda-2702,247.37
venda-2703,818.62
venda-2704,873.95
venda-2705,205.43
venda-2706,20.12
venda-2707,43.63
venda-2708,703.45
venda-2709,934.87
venda-2710,534.66
venda-2711,200.90
venda-2712,907.67
venda-2713,896.46
venda-2714,799.41
venda-2715,246.32
venda-2716,874.49
venda-2717,669.16
venda-2718,163.30
venda-2719,251.80
venda-2720,951.83
venda-2721,989.13
venda-2722,288.22
venda-2723,149.94
venda-2724,101.91
venda-2725,266.64
venda-2726,327.00
venda-2727,937.48
venda-2728,478.43
venda-2729,979.75
venda-2730,146.24
venda-2731,262.21
venda-2732,594.47
venda-2733,609.16
venda-2734,944.24
venda-2735,589.42
venda-2736,332.15
venda-2737,911.03
venda-2738,906.93
venda-2739,56.52
venda-2740,924.85
venda-2741,209.67
venda-2742,412.95
venda-2743,309.35
venda-2744,437.04
venda-2745,729.81
venda-2746,758.94
venda-2747,822.19
venda-2748,983.08
venda-2749,81.03
venda-2750,231.14
venda-2751,968.93
venda-2752,560.26
venda-2753,47.82
venda-2754,19.93
venda-2755,231.35
venda-2756,734.06
venda-2757,706.64
venda-2758,541.71
venda-2759,959.05
venda-2760,891.82
venda-2761,680.42
venda-2762,231.79
venda-2763,784.97
venda-2764,39.62
venda-2765,448.63
venda-2766,392.44
venda-2767,414.48
venda-2768,635.28
venda-2769,27.47
venda-2770,32.66
venda-2771,139.81
venda-2772,363.38
venda-2773,223.87
venda-2774,299.00
venda-2775,915.52
venda-2776,173.84
venda-2777,897.90
venda-2778,806.38
venda-2779,552.44
venda-2780,722.04
venda-2781,485.31
venda-2782,882.77
venda-2783,215.23
venda-2784,654.84
venda-2785,137.41
venda-2786,655.28
venda-2787,467.06
venda-2788,972.06
venda-2789,148.95
venda-2790,400.48
venda-2791,139.66
venda-2792,360.33
venda-2793,757.11
venda-2794,965.37
venda-2795,111.43
venda-2796,431.71
venda-2797,816.44
venda-2798,88.20
venda-2799,319.82
venda-2800,870.22
venda-2801,34.45
venda-2802,388.95
venda-2803,781.65
venda-2804,479.42
venda-2805,467.37
venda-2806,970.92
venda-2807,929.71
venda-2808,242.99
venda-2809,970.75
venda-2810,427.91
venda-2811,177.00
venda-2812,713.81
venda-2813,17.29
venda-2814,202.52
venda-2815,290.22
venda-2816,471.24
venda-2817,420.01
venda-2818,784.68
venda-2819,703.58
venda-2820,62.88
venda-2821,321.85
venda-2822,401.09
venda-2823,890.29
venda-2824,479.20
venda-2825,469.74
venda-2826,137.45
venda-2827,151.58
venda-2828,638.03
venda-2829,845.62
venda-2830,787.50
venda-2831,616.48
venda-2832,34.56
venda-2833,337.22
venda-2834,770.36
venda-2835,835.61
venda-2836,312.37
venda-2837,525.24
venda-2838,113.58
venda-2839,80.20
venda-2840,64.44
venda-2841,328.09
venda-2842,996.21
venda-2843,598.92
venda-2844,684.78
venda-2845,718.23
venda-2846,426.02
venda-2847,740.77
venda-2848,385.18
venda-2849,389.15
venda-2850,482.96
venda-2851,467.88
venda-2852,733.11
venda-2853,748.35
venda-2854,812.20
venda-2855,539.94
venda-2856,101.28
venda-2857,421.91
venda-2858,745.27
venda-2859,506.08
venda-2860,471.51
venda-2861,99.98
venda-2862,989.25
venda-2863,26.48
venda-2864,995.83
venda-2865,682.42
venda-2866,283.72
venda-2867,616.17
venda-2868,337.71
venda-2869,706.21
venda-2870,904.62
venda-2871,254.63
venda-2872,244.93
venda-2873,875.28
venda-2874,806.31
venda-2875,379.36
venda-2876,68.91
venda-2877,67.83
venda-2878,452.62
venda-2879,423.70
venda-2880,259.94
venda-2881,47.00
venda-2882,788.63
venda-2883,114.30
venda-2884,324.19
venda-2885,132.41
venda-2886,129.48
venda-2887,32.70
venda-2888,450.38
venda-2889,667.49
venda-2890,69.05
venda-2891,160.74
venda-2892,431.52
venda-2893,914.95
venda-2894,774.69
venda-2895,173.16
venda-2896,792.29
venda-2897,789.34
venda-2898,890.81
venda-2899,792.10
venda-2900,742.25
venda-2901,206.79
venda-2902,638.75
venda-2903,758.75
venda-2904,885.48
venda-2905,383.15
venda-2906,143.09
venda-2907,61.57
venda-2908,732.85
venda-2909,404.90
venda-2910,186.26
venda-2911,741.86
venda-2912,369.29
venda-2913,822.45
venda-2914,630.93
venda-2915,685.40
venda-2916,950.59
venda-2917,103.13
venda-2918,824.58
venda-2919,114.37
venda-2920,738.16
venda-2921,510.24
venda-2922,114.37
venda-2923,467.15
venda-2924,745.23
venda-2925,481.22
venda-2926,171.36
venda-2927,980.11
venda-2928,940.06
venda-2929,537.82
venda-2930,571.60
venda-2931,113.11
venda-2932,917.90
venda-2933,976.53
venda-2934,25.96
venda-2935,430.62
venda-2936,405.99
venda-2937,707.70
venda-2938,343.43
venda-2939,798.36
venda-2940,469.01
venda-2941,653.16
venda-2942,588.44
venda-2943,694.08
venda-2944,679.95
venda-2945,917.84
venda-2946,989.35
venda-2947,411.10
venda-2948,213.04
venda-2949,871.52
venda-2950,483.33
venda-2951,177.90
venda-2952,905.57
venda-2953,332.30
venda-2954,956.84
venda-2955,828.75
venda-2956,276.14
venda-2957,560.58
venda-2958,357.38
venda-2959,712.00
venda-2960,13.06
venda-2961,920.31
venda-2962,628.51
venda-2963,610.85
venda-2964,666.06
venda-2965,81.26
venda-2966,460.96
venda-2967,370.74
venda-2968,849.83
venda-2969,130.58
venda-2970,141.43
venda-2971,769.27
venda-2972,167.04
venda-2973,785.23
venda-2974,380.29
venda-2975,671.33
venda-2976,307.96
venda-2977,740.86
venda-2978,291.77
venda-2979,153.61
venda-2980,774.32
venda-2981,189.61
venda-2982,179.96
venda-2983,723.26
venda-2984,739.88
venda-2985,308.90
venda-2986,399.08
venda-2987,586.93
venda-2988,885.72
venda-2989,76.49
venda-2990,770.48
venda-2991,764.04
venda-2992,101.99
venda-2993,796.59
venda-2994,988.43
venda-2995,93.77
venda-2996,339.93
venda-2997,33.87
venda-2998,684.09
venda-2999,163.06
venda-3000,111.62
