id,data,categoria,produto,quantidade,preco_unitario,regiao,cliente_id
1,2024-11-23,eletronicos,Notebook,5,259.99,Nordeste,48
2,2024-02-22,servicos,Consultoria,10,433.48,Norte,6
3,2024-04-21,roupas,Meia,10,46.01,Nordeste,46
4,2024-11-28,servicos,Auditoria,4,460.22,Centro-Oeste,1
5,2024-03-22,livros,Engenharia,5,172.37,Centro-Oeste,7
6,2024-02-17,livros,Rust,6,850.54,Sul,17
7,2024-01-23,livros,Historia,2,973.65,Sudeste,6
8,2024-10-09,alimentos,Acucar,6,585.81,Norte,3
9,2024-12-04,roupas,Jaqueta,2,858.21,Norte,25
10,2024-05-22,livros,Engenharia,3,382.78,Nordeste,43
11,2024-05-16,eletronicos,Webcam,3,543.46,Nordeste,11
12,2024-08-24,livros,Engenharia,9,235.22,Centro-Oeste,50
13,2024-01-29,roupas,Camiseta,6,413.14,Norte,14
14,2024-10-17,alimentos,Feijao,8,407.72,Sudeste,10
15,2024-05-15,roupas,Calca,9,548.2,Sul,28
16,2024-10-25,livros,Engenharia,4,997.38,Nordeste,33
17,2024-09-09,eletronicos,Notebook,2,169.78,Nordeste,44
18,2024-08-04,servicos,Consultoria,7,393.99,Sudeste,34
19,2024-05-08,servicos,Consultoria,2,688.08,Sul,49
20,2024-05-16,alimentos,Arroz,5,446.07,Sudeste,1
21,2024-05-14,servicos,Suporte,9,914.38,Centro-Oeste,41
22,2024-09-16,servicos,Suporte,3,386.44,Nordeste,35
23,2024-09-28,eletronicos,Webcam,6,498.83,Norte,24
24,2024-06-06,roupas,Camiseta,4,880.45,Norte,6
25,2024-09-05,eletronicos,Webcam,3,145.82,Sudeste,36
26,2024-03-25,alimentos,Acucar,10,434.68,Nordeste,35
27,2024-12-19,roupas,Jaqueta,7,995.25,Centro-Oeste,29
28,2024-09-21,livros,Rust,4,240.2,Centro-Oeste,2
29,2024-10-28,servicos,Suporte,10,235.81,Norte,46
30,2024-11-19,eletronicos,Mouse,2,907.31,Centro-Oeste,5
31,2024-09-20,roupas,Jaqueta,8,229.95,Nordeste,47
32,2024-10-19,servicos,Auditoria,4,788.93,Sudeste,13
33,2024-02-18,eletronicos,Monitor,6,435.11,Sudeste,47
34,2024-01-28,eletronicos,Notebook,7,733.65,Norte,16
35,2024-04-08,roupas,Meia,8,157.38,Nordeste,18
36,2024-08-24,roupas,Camiseta,8,811.86,Sul,7
37,2024-01-26,servicos,Consultoria,2,927.84,Nordeste,11
38,2024-07-27,livros,Ficcao,4,867.36,Norte,11
39,2024-07-13,eletronicos,Monitor,5,927.99,Sudeste,19
40,2024-08-04,servicos,Auditoria,3,206.1,Nordeste,4
41,2024-10-23,servicos,Consultoria,6,76.02,Sul,31
42,2024-09-14,servicos,Suporte,1,961.56,Norte,12
43,2024-02-05,servicos,Consultoria,4,415.7,Sul,16
44,2024-10-23,servicos,Consultoria,10,100.34,Sul,37
45,2024-09-24,alimentos,Cafe,4,676.33,Centro-Oeste,16
46,2024-05-15,livros,Python,5,468.08,Norte,1
47,2024-08-22,servicos,Design,2,91.8,Nordeste,33
48,2024-05-15,roupas,Jaqueta,2,881.68,Centro-Oeste,19
49,2024-03-21,livros,Historia,5,619.44,Sul,1
50,2024-12-07,servicos,Treinamento,2,940.15,Nordeste,17
51,2024-02-29,eletronicos,Webcam,3,286.9,Sul,14
52,2024-06-24,roupas,Jaqueta,9,498.76,Norte,6
53,2024-11-20,livros,Engenharia,1,23.47,Nordeste,41
54,2024-05-14,roupas,Tenis,9,711.55,Sul,1
55,2024-02-27,eletronicos,Mouse,9,55.31,Centro-Oeste,38
56,2024-10-09,roupas,Tenis,3,60.99,Centro-Oeste,3
57,2024-07-02,roupas,Calca,2,366.61,Sul,27
58,2024-11-13,roupas,Calca,3,976.68,Nordeste,27
59,2024-01-13,roupas,Jaqueta,7,806.19,Nordeste,18
60,2024-03-22,eletronicos,Monitor,1,861.42,Nordeste,13
61,2024-08-23,alimentos,Cafe,4,238.47,Nordeste,26
62,2024-06-17,alimentos,Arroz,5,364.12,Sul,26
63,2024-12-13,servicos,Treinamento,1,133.03,Centro-Oeste,12
64,2024-10-24,alimentos,Arroz,2,604.64,Centro-Oeste,47
65,2024-06-09,livros,Historia,9,133.33,Sul,13
66,2024-05-10,eletronicos,Monitor,1,529.52,Sul,44
67,2024-12-09,roupas,Jaqueta,7,88.57,Centro-Oeste,40
68,2024-06-09,eletronicos,Teclado,9,323.1,Sudeste,21
69,2024-07-25,alimentos,Acucar,3,208.0,Sudeste,44
70,2024-03-30,servicos,Design,5,417.95,Norte,20
71,2024-05-26,roupas,Tenis,10,614.53,Centro-Oeste,30
72,2024-08-14,livros,Python,9,483.72,Nordeste,43
73,2024-02-13,alimentos,Acucar,10,348.48,Nordeste,44
74,2024-06-07,roupas,Calca,3,43.94,Nordeste,31
75,2024-11-08,eletronicos,Monitor,7,888.41,Sul,13
76,2024-12-22,livros,Ficcao,7,259.1,Norte,49
77,2024-02-24,livros,Python,3,808.03,Sul,30
78,2024-01-26,servicos,Suporte,2,467.33,Sudeste,43
79,2024-09-28,servicos,Design,6,951.04,Sudeste,40
80,2024-09-15,livros,Historia,8,899.26,Sudeste,29
81,2024-05-12,roupas,Jaqueta,9,494.91,Nordeste,18
82,2024-08-13,eletronicos,Teclado,4,286.28,Centro-Oeste,35
83,2024-02-11,roupas,Calca,4,395.37,Nordeste,46
84,2024-04-19,eletronicos,Monitor,7,344.26,Sudeste,27
85,2024-02-01,roupas,Tenis,7,906.74,Sul,45
86,2024-01-11,servicos,Auditoria,8,25.78,Centro-Oeste,20
87,2024-07-18,livros,Historia,9,803.87,Nordeste,32
88,2024-04-22,alimentos,Oleo,8,48.44,Centro-Oeste,43
89,2024-12-13,livros,Python,8,921.15,Sul,35
90,2024-01-14,livros,Historia,10,669.74,Norte,42
91,2024-08-07,roupas,Tenis,3,69.28,Sudeste,21
92,2024-04-18,livros,Engenharia,6,766.01,Sudeste,18
93,2024-08-03,alimentos,Arroz,8,39.0,Sul,4
94,2024-06-28,roupas,Camiseta,1,759.15,Nordeste,13
95,2024-01-11,servicos,Suporte,4,143.7,Norte,37
96,2024-04-21,livros,Engenharia,6,184.43,Sul,48
97,2024-02-28,roupas,Jaqueta,2,587.11,Centro-Oeste,37
98,2024-12-12,livros,Ficcao,4,94.48,Nordeste,7
99,2024-12-22,alimentos,Acucar,2,800.3,Sul,3
100,2024-06-26,servicos,Auditoria,6,87.58,Centro-Oeste,1
101,2024-08-03,livros,Rust,7,961.57,Sudeste,46
102,2024-03-19,livros,Python,9,966.16,Centro-Oeste,40
103,2024-10-02,livros,Ficcao,7,829.22,Sul,18
104,2024-06-14,roupas,Camiseta,5,884.0,Nordeste,49
105,2024-08-25,servicos,Design,7,349.67,Sudeste,21
106,2024-04-03,livros,Python,6,801.88,Centro-Oeste,18
107,2024-11-01,alimentos,Acucar,1,526.29,Nordeste,6
108,2024-05-03,livros,Ficcao,9,763.0,Sudeste,42
109,2024-12-30,livros,Ficcao,1,111.19,Nordeste,26
110,2024-12-20,roupas,Jaqueta,10,381.64,Sul,34
111,2024-06-25,livros,Historia,6,364.77,Sudeste,18
112,2024-06-05,alimentos,Feijao,2,726.86,Centro-Oeste,8
113,2024-10-01,roupas,Calca,4,743.83,Centro-Oeste,47
114,2024-10-28,servicos,Design,5,980.9,Nordeste,19
115,2024-04-26,alimentos,Feijao,5,33.87,Sul,9
116,2024-05-20,eletronicos,Notebook,9,306.29,Nordeste,41
117,2024-09-08,eletronicos,Notebook,10,298.65,Sudeste,29
118,2024-06-23,roupas,Camiseta,5,942.24,Sudeste,8
119,2024-02-03,livros,Ficcao,2,585.48,Norte,10
120,2024-03-17,servicos,Treinamento,2,994.04,Norte,36
121,2024-08-01,servicos,Design,10,241.17,Sul,25
122,2024-08-18,livros,Engenharia,10,990.23,Centro-Oeste,37
123,2024-11-13,eletronicos,Webcam,2,948.64,Nordeste,41
124,2024-04-18,alimentos,Arroz,3,255.07,Sul,5
125,2024-03-21,eletronicos,Monitor,8,695.58,Sudeste,19
126,2024-01-17,roupas,Jaqueta,5,708.93,Sudeste,5
127,2024-12-17,roupas,Jaqueta,10,667.96,Nordeste,28
128,2024-02-28,servicos,Suporte,3,910.24,Nordeste,5
129,2024-01-31,roupas,Jaqueta,10,753.98,Sul,19
130,2024-08-12,eletronicos,Monitor,5,705.74,Centro-Oeste,33
131,2024-10-03,livros,Ficcao,2,606.08,Sudeste,48
132,2024-06-14,servicos,Treinamento,1,109.5,Sul,38
133,2024-01-11,alimentos,Acucar,1,767.85,Nordeste,31
134,2024-09-22,livros,Engenharia,3,997.01,Sudeste,41
135,2024-09-08,eletronicos,Monitor,6,420.18,Centro-Oeste,43
136,2024-02-23,roupas,Jaqueta,7,699.8,Centro-Oeste,43
137,2024-07-24,servicos,Consultoria,8,106.3,Centro-Oeste,21
138,2024-02-29,livros,Historia,1,664.51,Sul,30
139,2024-07-30,eletronicos,Mouse,9,374.54,Sudeste,41
140,2024-08-14,eletronicos,Mouse,5,558.24,Centro-Oeste,29
141,2024-12-23,livros,Rust,1,973.68,Sul,16
142,2024-12-29,roupas,Jaqueta,9,33.4,Sudeste,6
143,2024-04-25,eletronicos,Monitor,2,654.76,Nordeste,32
144,2024-05-29,servicos,Treinamento,7,838.03,Sudeste,16
145,2024-08-21,servicos,Suporte,7,206.8,Sul,33
146,2024-03-10,eletronicos,Teclado,7,353.08,Sul,18
147,2024-01-02,alimentos,Cafe,10,588.32,Sudeste,10
148,2024-08-16,servicos,Auditoria,6,345.79,Sul,25
149,2024-08-21,alimentos,Feijao,4,580.36,Nordeste,50
150,2024-07-29,eletronicos,Teclado,8,711.12,Sudeste,25
151,2024-12-05,roupas,Tenis,1,143.72,Sul,22
152,2024-02-21,livros,Rust,9,912.23,Norte,47
153,2024-03-14,livros,Python,2,480.1,Centro-Oeste,22
154,2024-11-15,livros,Rust,6,855.29,Sul,25
155,2024-06-11,livros,Historia,1,625.11,Nordeste,41
156,2024-12-16,alimentos,Feijao,2,445.29,Norte,49
157,2024-11-20,eletronicos,Monitor,3,700.12,Norte,3
158,2024-06-15,eletronicos,Teclado,6,387.34,Nordeste,16
159,2024-09-28,livros,Historia,3,186.58,Norte,40
160,2024-07-14,servicos,Suporte,8,914.57,Nordeste,15
161,2024-08-24,alimentos,Oleo,5,673.5,Sudeste,19
162,2024-12-12,servicos,Suporte,2,452.9,Centro-Oeste,38
163,2024-06-02,livros,Engenharia,8,848.4,Nordeste,25
164,2024-09-04,eletronicos,Mouse,7,580.48,Sul,19
165,2024-12-24,alimentos,Arroz,7,288.99,Sul,44
166,2024-01-26,servicos,Auditoria,5,780.23,Nordeste,39
167,2024-06-29,roupas,Calca,10,265.61,Nordeste,41
168,2024-02-19,eletronicos,Teclado,8,52.7,Centro-Oeste,47
169,2024-03-08,eletronicos,Teclado,6,752.53,Nordeste,13
170,2024-03-08,servicos,Treinamento,9,511.76,Centro-Oeste,11
171,2024-05-11,livros,Engenharia,6,808.15,Sudeste,5
172,2024-03-13,roupas,Tenis,9,378.46,Sudeste,1
173,2024-05-15,servicos,Consultoria,8,381.21,Centro-Oeste,38
174,2024-07-14,alimentos,Arroz,4,482.05,Sul,36
175,2024-06-16,servicos,Suporte,2,642.7,Sudeste,45
176,2024-06-03,livros,Rust,3,64.44,Norte,20
177,2024-09-09,eletronicos,Notebook,4,889.51,Nordeste,25
178,2024-08-20,alimentos,Acucar,7,595.59,Nordeste,27
179,2024-12-01,eletronicos,Monitor,10,419.95,Centro-Oeste,3
180,2024-12-19,alimentos,Feijao,8,455.8,Nordeste,24
181,2024-02-20,alimentos,Acucar,6,79.34,Centro-Oeste,13
182,2024-03-03,livros,Rust,4,648.87,Sul,2
183,2024-01-26,alimentos,Feijao,3,791.24,Nordeste,5
184,2024-10-10,roupas,Meia,4,816.79,Nordeste,22
185,2024-03-16,servicos,Consultoria,5,861.24,Nordeste,9
186,2024-10-03,alimentos,Feijao,2,667.84,Norte,9
187,2024-01-08,alimentos,Feijao,10,337.3,Nordeste,17
188,2024-01-27,roupas,Tenis,9,131.38,Norte,31
189,2024-08-17,alimentos,Acucar,10,126.87,Sul,15
190,2024-11-10,eletronicos,Webcam,5,468.88,Norte,4
191,2024-09-02,livros,Ficcao,2,500.46,Sudeste,5
192,2024-02-11,alimentos,Acucar,3,84.37,Centro-Oeste,40
193,2024-11-20,servicos,Design,6,393.29,Sul,34
194,2024-05-30,livros,Historia,10,441.6,Norte,42
195,2024-11-29,servicos,Suporte,7,462.52,Nordeste,27
196,2024-06-22,livros,Ficcao,7,735.02,Centro-Oeste,28
197,2024-06-09,alimentos,Cafe,3,693.08,Sudeste,5
198,2024-02-16,eletronicos,Notebook,7,114.63,Centro-Oeste,9
199,2024-10-11,eletronicos,Webcam,9,570.45,Norte,27
200,2024-06-30,livros,Rust,5,608.4,Centro-Oeste,7
201,2024-10-22,servicos,Suporte,3,663.6,Nordeste,7
202,2024-06-28,servicos,Treinamento,2,767.35,Sul,15
203,2024-08-07,servicos,Design,10,681.48,Sul,2
204,2024-11-07,alimentos,Arroz,3,287.8,Centro-Oeste,22
205,2024-06-28,eletronicos,Mouse,3,574.99,Sudeste,5
206,2024-03-13,eletronicos,Notebook,9,230.83,Sudeste,30
207,2024-06-23,roupas,Jaqueta,5,727.16,Sul,39
208,2024-02-13,eletronicos,Mouse,3,759.35,Norte,44
209,2024-02-11,alimentos,Oleo,7,495.95,Sudeste,27
210,2024-05-19,roupas,Meia,2,358.27,Norte,19
211,2024-12-13,servicos,Auditoria,9,673.79,Norte,15
212,2024-07-21,servicos,Consultoria,1,220.33,Nordeste,50
213,2024-03-11,alimentos,Cafe,6,137.58,Sudeste,48
214,2024-08-08,roupas,Calca,7,541.93,Nordeste,33
215,2024-10-13,alimentos,Arroz,7,864.53,Norte,28
216,2024-01-10,livros,Rust,6,584.24,Sul,26
217,2024-12-29,livros,Engenharia,2,416.93,Centro-Oeste,11
218,2024-11-12,livros,Engenharia,2,447.98,Norte,16
219,2024-08-11,servicos,Auditoria,9,97.07,Centro-Oeste,48
220,2024-06-22,roupas,Jaqueta,3,94.85,Norte,34
221,2024-09-18,roupas,Jaqueta,6,732.83,Nordeste,16
222,2024-02-22,roupas,Jaqueta,4,190.03,Nordeste,49
223,2024-12-01,eletronicos,Mouse,8,474.67,Sul,49
224,2024-10-23,livros,Historia,10,336.74,Centro-Oeste,10
225,2024-08-13,eletronicos,Monitor,8,638.76,Centro-Oeste,38
226,2024-01-29,alimentos,Acucar,2,324.2,Sudeste,3
227,2024-01-30,alimentos,Cafe,2,651.77,Norte,40
228,2024-10-31,servicos,Auditoria,8,588.72,Norte,29
229,2024-10-19,roupas,Jaqueta,10,486.12,Nordeste,4
230,2024-08-18,eletronicos,Teclado,2,514.46,Nordeste,3
231,2024-05-06,livros,Ficcao,9,532.29,Nordeste,24
232,2024-07-09,alimentos,Oleo,7,778.98,Sul,4
233,2024-11-19,alimentos,Arroz,6,112.62,Sudeste,19
234,2024-05-09,servicos,Suporte,6,99.87,Nordeste,23
235,2024-06-07,livros,Python,10,714.66,Norte,20
236,2024-10-13,livros,Engenharia,3,676.71,Sul,6
237,2024-11-26,livros,Historia,6,37.87,Centro-Oeste,12
238,2024-04-19,alimentos,Oleo,4,242.01,Nordeste,10
239,2024-02-09,alimentos,Arroz,9,775.46,Sul,3
240,2024-12-04,alimentos,Acucar,3,605.3,Nordeste,11
241,2024-04-02,servicos,Suporte,8,62.82,Centro-Oeste,44
242,2024-05-01,livros,Historia,5,757.34,Sudeste,15
243,2024-09-30,roupas,Jaqueta,8,905.89,Nordeste,24
244,2024-12-13,servicos,Auditoria,8,774.05,Sudeste,33
245,2024-09-27,livros,Python,4,805.23,Nordeste,17
246,2024-01-27,livros,Engenharia,9,935.61,Sul,8
247,2024-05-25,eletronicos,Mouse,5,460.33,Sul,10
248,2024-08-11,eletronicos,Mouse,8,886.94,Norte,27
249,2024-01-28,livros,Historia,6,251.06,Norte,24
250,2024-04-24,eletronicos,Teclado,2,842.39,Centro-Oeste,10
251,2024-03-11,eletronicos,Teclado,8,702.15,Nordeste,49
252,2024-12-27,livros,Ficcao,10,25.15,Norte,2
253,2024-05-11,roupas,Calca,9,941.42,Sul,34
254,2024-08-04,eletronicos,Teclado,4,315.13,Norte,16
255,2024-08-02,servicos,Auditoria,2,128.64,Sudeste,39
256,2024-10-01,eletronicos,Webcam,10,257.1,Nordeste,19
257,2024-08-07,eletronicos,Webcam,6,255.75,Sudeste,12
258,2024-12-06,eletronicos,Webcam,6,86.33,Sul,35
259,2024-09-16,servicos,Design,1,402.64,Sudeste,3
260,2024-11-21,livros,Engenharia,5,752.37,Centro-Oeste,5
261,2024-06-25,roupas,Camiseta,10,740.48,Centro-Oeste,9
262,2024-01-23,alimentos,Acucar,6,817.24,Nordeste,50
263,2024-12-16,livros,Ficcao,3,815.27,Norte,46
264,2024-08-22,eletronicos,Teclado,4,62.93,Nordeste,3
265,2024-06-10,alimentos,Acucar,7,989.34,Sul,31
266,2024-05-09,eletronicos,Mouse,5,369.83,Norte,42
267,2024-06-18,alimentos,Arroz,6,448.21,Sudeste,48
268,2024-08-13,livros,Engenharia,3,506.28,Sudeste,24
269,2024-09-22,alimentos,Arroz,7,97.35,Sul,12
270,2024-10-06,alimentos,Cafe,2,98.47,Centro-Oeste,20
271,2024-08-16,servicos,Auditoria,3,695.97,Centro-Oeste,29
272,2024-01-22,alimentos,Acucar,7,289.06,Norte,5
273,2024-12-09,livros,Engenharia,9,805.07,Nordeste,2
274,2024-03-14,servicos,Auditoria,1,143.71,Nordeste,50
275,2024-11-26,alimentos,Cafe,7,950.48,Norte,39
276,2024-03-19,livros,Engenharia,6,455.06,Norte,37
277,2024-03-11,servicos,Treinamento,7,328.1,Centro-Oeste,16
278,2024-02-28,eletronicos,Mouse,8,527.39,Sul,8
279,2024-05-14,alimentos,Oleo,4,996.44,Centro-Oeste,45
280,2024-09-08,roupas,Camiseta,3,855.77,Sudeste,12
281,2024-12-31,livros,Rust,6,674.48,Norte,36
282,2024-10-04,alimentos,Cafe,3,717.57,Nordeste,24
283,2024-09-17,roupas,Camiseta,4,796.22,Nordeste,32
284,2024-01-14,alimentos,Acucar,10,381.53,Sul,9
285,2024-11-09,eletronicos,Notebook,5,410.2,Sudeste,34
286,2024-07-29,livros,Historia,2,142.82,Centro-Oeste,42
287,2024-02-07,livros,Ficcao,9,357.62,Sul,41
288,2024-10-27,roupas,Calca,7,512.81,Norte,8
289,2024-09-22,roupas,Jaqueta,3,178.73,Nordeste,23
290,2024-09-22,alimentos,Arroz,5,212.38,Sul,18
291,2024-03-05,alimentos,Acucar,9,111.56,Nordeste,38
292,2024-10-24,roupas,Calca,10,726.22,Sul,22
293,2024-10-15,eletronicos,Notebook,2,64.55,Sul,17
294,2024-11-29,roupas,Meia,7,625.75,Norte,32
295,2024-11-17,servicos,Treinamento,5,493.29,Sudeste,20
296,2024-08-20,eletronicos,Notebook,3,450.81,Sudeste,30
297,2024-04-14,alimentos,Acucar,3,326.33,Centro-Oeste,47
298,2024-06-25,livros,Python,6,524.68,Norte,21
299,2024-05-03,livros,Rust,5,460.6,Nordeste,7
300,2024-01-26,alimentos,Oleo,10,429.77,Nordeste,21
301,2024-10-22,alimentos,Feijao,3,508.3,Sul,30
302,2024-09-12,alimentos,Oleo,1,108.25,Sudeste,33
303,2024-08-22,roupas,Calca,10,365.84,Norte,19
304,2024-09-10,servicos,Auditoria,5,545.96,Norte,28
305,2024-03-09,alimentos,Cafe,7,378.62,Sudeste,4
306,2024-10-18,servicos,Suporte,6,562.16,Norte,25
307,2024-09-15,livros,Historia,5,828.81,Sul,44
308,2024-11-08,eletronicos,Mouse,2,406.03,Centro-Oeste,36
309,2024-07-06,roupas,Calca,10,518.94,Sul,3
310,2024-01-24,eletronicos,Mouse,6,807.89,Sul,30
311,2024-03-17,servicos,Design,3,341.41,Sul,21
312,2024-03-24,livros,Historia,5,601.85,Sul,33
313,2024-09-29,livros,Historia,5,485.39,Norte,24
314,2024-06-18,eletronicos,Monitor,10,321.52,Norte,39
315,2024-08-30,alimentos,Acucar,10,242.99,Norte,38
316,2024-09-02,roupas,Meia,10,779.11,Sudeste,10
317,2024-12-14,roupas,Camiseta,10,949.24,Norte,13
318,2024-01-10,livros,Engenharia,7,168.4,Nordeste,27
319,2024-09-13,servicos,Auditoria,1,711.66,Sul,14
320,2024-10-14,alimentos,Oleo,9,389.29,Nordeste,30
321,2024-09-29,alimentos,Acucar,6,682.35,Centro-Oeste,40
322,2024-09-04,roupas,Calca,5,566.92,Nordeste,20
323,2024-05-27,roupas,Tenis,6,490.21,Sul,47
324,2024-05-20,alimentos,Arroz,10,683.09,Sudeste,26
325,2024-06-25,roupas,Jaqueta,1,301.88,Norte,23
326,2024-08-14,alimentos,Oleo,4,218.03,Sul,18
327,2024-10-14,alimentos,Feijao,2,623.36,Sul,16
328,2024-05-04,eletronicos,Webcam,4,645.19,Norte,7
329,2024-07-30,alimentos,Oleo,2,687.57,Nordeste,1
330,2024-10-08,roupas,Tenis,8,487.9,Nordeste,49
331,2024-05-27,alimentos,Cafe,1,909.78,Norte,42
332,2024-10-20,roupas,Meia,1,914.97,Nordeste,27
333,2024-03-31,eletronicos,Monitor,8,202.59,Centro-Oeste,3
334,2024-01-05,alimentos,Acucar,10,125.15,Centro-Oeste,19
335,2024-08-20,servicos,Design,8,891.47,Nordeste,33
336,2024-08-27,alimentos,Feijao,2,344.07,Sudeste,42
337,2024-05-11,roupas,Camiseta,6,794.95,Sul,44
338,2024-04-08,roupas,Meia,7,830.45,Sul,21
339,2024-02-14,livros,Rust,3,982.05,Sudeste,21
340,2024-05-07,eletronicos,Teclado,7,250.81,Centro-Oeste,22
341,2024-06-03,servicos,Design,1,276.32,Centro-Oeste,45
342,2024-04-30,eletronicos,Notebook,8,320.67,Sudeste,44
343,2024-09-14,alimentos,Arroz,5,380.19,Nordeste,15
344,2024-03-09,livros,Python,8,752.78,Sul,24
345,2024-07-31,servicos,Auditoria,9,805.96,Nordeste,49
346,2024-05-06,servicos,Consultoria,9,457.81,Centro-Oeste,5
347,2024-10-15,eletronicos,Notebook,9,904.83,Nordeste,37
348,2024-10-01,roupas,Calca,6,857.4,Sudeste,8
349,2024-12-14,roupas,Meia,8,109.12,Sul,29
350,2024-01-29,livros,Python,9,427.12,Sul,4
351,2024-10-13,livros,Engenharia,1,408.03,Norte,48
352,2024-04-21,servicos,Consultoria,1,435.22,Norte,35
353,2024-01-31,eletronicos,Monitor,1,301.35,Nordeste,50
354,2024-03-10,livros,Engenharia,7,459.57,Sudeste,25
355,2024-02-11,servicos,Suporte,6,136.26,Sul,26
356,2024-09-27,roupas,Calca,1,761.06,Centro-Oeste,30
357,2024-12-10,servicos,Auditoria,9,391.69,Nordeste,16
358,2024-08-23,alimentos,Feijao,5,204.71,Norte,3
359,2024-12-04,livros,Historia,1,255.85,Norte,7
360,2024-10-31,eletronicos,Monitor,10,678.58,Norte,16
361,2024-01-23,livros,Ficcao,4,548.96,Norte,9
362,2024-09-14,alimentos,Feijao,10,332.53,Sul,50
363,2024-12-10,alimentos,Feijao,5,878.73,Sul,15
364,2024-07-30,alimentos,Cafe,1,565.58,Sul,48
365,2024-03-30,livros,Historia,8,65.95,Centro-Oeste,42
366,2024-12-09,livros,Historia,6,702.38,Sudeste,10
367,2024-06-02,livros,Python,9,484.05,Nordeste,20
368,2024-12-28,roupas,Tenis,1,571.14,Sudeste,36
369,2024-09-28,roupas,Tenis,4,269.9,Centro-Oeste,42
370,2024-02-10,livros,Engenharia,2,544.92,Nordeste,4
371,2024-05-17,livros,Historia,10,58.76,Norte,13
372,2024-10-27,servicos,Suporte,8,224.71,Centro-Oeste,20
373,2024-01-08,roupas,Calca,2,751.94,Sudeste,16
374,2024-12-22,servicos,Suporte,7,916.82,Sul,21
375,2024-05-24,livros,Ficcao,9,655.75,Centro-Oeste,17
376,2024-07-03,servicos,Auditoria,8,116.64,Sudeste,49
377,2024-06-12,roupas,Jaqueta,6,425.65,Sul,15
378,2024-03-15,eletronicos,Teclado,9,936.06,Sul,47
379,2024-08-01,alimentos,Feijao,4,343.27,Sudeste,37
380,2024-05-05,livros,Historia,6,272.18,Sudeste,47
381,2024-11-24,livros,Ficcao,3,738.12,Centro-Oeste,11
382,2024-03-12,servicos,Auditoria,3,918.56,Sul,42
383,2024-01-31,servicos,Consultoria,2,946.28,Norte,49
384,2024-01-04,livros,Python,4,86.61,Nordeste,1
385,2024-04-21,servicos,Auditoria,6,79.24,Sul,31
386,2024-12-03,livros,Rust,1,541.57,Sudeste,1
387,2024-01-09,servicos,Treinamento,9,977.93,Norte,33
388,2024-12-23,livros,Python,2,919.69,Sul,10
389,2024-05-03,roupas,Meia,9,267.37,Centro-Oeste,18
390,2024-07-22,eletronicos,Teclado,7,469.82,Nordeste,45
391,2024-04-25,alimentos,Arroz,1,111.63,Sudeste,25
392,2024-10-09,livros,Rust,1,708.79,Norte,32
393,2024-08-10,alimentos,Acucar,2,896.9,Norte,15
394,2024-04-18,servicos,Auditoria,5,65.63,Norte,44
395,2024-05-23,servicos,Design,1,195.77,Centro-Oeste,2
396,2024-04-16,servicos,Suporte,7,930.3,Centro-Oeste,11
397,2024-10-15,roupas,Meia,7,683.49,Sul,22
398,2024-07-15,roupas,Camiseta,9,750.55,Centro-Oeste,4
399,2024-02-20,livros,Python,2,353.78,Sul,39
400,2024-07-22,alimentos,Arroz,5,787.88,Sudeste,32
401,2024-04-26,alimentos,Acucar,7,443.21,Sul,43
402,2024-07-13,eletronicos,Webcam,5,802.09,Norte,6
403,2024-05-17,roupas,Tenis,3,744.86,Centro-Oeste,24
404,2024-02-24,eletronicos,Notebook,5,455.84,Centro-Oeste,7
405,2024-03-08,eletronicos,Mouse,7,459.87,Sul,33
406,2024-07-27,eletronicos,Notebook,2,366.84,Norte,39
407,2024-11-02,alimentos,Oleo,1,306.01,Sudeste,50
408,2024-02-13,servicos,Suporte,10,530.68,Sudeste,11
409,2024-03-12,alimentos,Cafe,5,503.26,Norte,11
410,2024-08-10,alimentos,Oleo,5,494.55,Norte,24
411,2024-05-08,roupas,Tenis,10,624.34,Sudeste,7
412,2024-03-10,alimentos,Arroz,7,345.57,Sul,25
413,2024-06-17,livros,Engenharia,7,819.17,Sul,9
414,2024-06-02,alimentos,Acucar,4,489.43,Nordeste,26
415,2024-06-12,alimentos,Oleo,10,786.33,Centro-Oeste,25
416,2024-05-23,livros,Engenharia,2,933.43,Nordeste,38
417,2024-10-06,roupas,Meia,1,953.94,Sudeste,46
418,2024-04-17,livros,Engenharia,2,822.59,Sudeste,44
419,2024-09-12,roupas,Jaqueta,4,267.63,Nordeste,46
420,2024-08-04,livros,Rust,8,990.89,Sudeste,38
421,2024-07-24,servicos,Design,7,552.77,Centro-Oeste,45
422,2024-10-01,servicos,Consultoria,2,773.57,Centro-Oeste,11
423,2024-11-27,servicos,Consultoria,10,983.94,Sudeste,49
424,2024-06-18,livros,Rust,1,116.63,Nordeste,33
425,2024-09-22,servicos,Design,10,236.61,Centro-Oeste,26
426,2024-08-25,servicos,Design,3,358.07,Norte,31
427,2024-02-23,alimentos,Oleo,2,133.75,Nordeste,23
428,2024-06-08,alimentos,Oleo,4,530.69,Centro-Oeste,31
429,2024-02-19,livros,Ficcao,6,85.83,Norte,46
430,2024-02-28,eletronicos,Teclado,2,683.6,Nordeste,48
431,2024-05-04,servicos,Suporte,9,176.93,Sul,28
432,2024-08-24,roupas,Tenis,3,202.66,Sudeste,26
433,2024-01-15,servicos,Suporte,8,600.36,Sudeste,1
434,2024-12-26,roupas,Calca,5,757.28,Norte,37
435,2024-02-22,servicos,Suporte,6,339.47,Sudeste,8
436,2024-05-14,livros,Historia,6,605.03,Sul,26
437,2024-10-27,eletronicos,Teclado,6,848.61,Sul,12
438,2024-12-10,alimentos,Acucar,10,103.06,Nordeste,21
439,2024-03-01,roupas,Jaqueta,2,199.38,Nordeste,33
440,2024-07-17,livros,Historia,3,583.31,Sudeste,12
441,2024-09-06,servicos,Suporte,9,183.53,Centro-Oeste,9
442,2024-04-05,alimentos,Oleo,10,72.54,Centro-Oeste,1
443,2024-09-05,roupas,Calca,7,964.55,Sul,42
444,2024-09-10,livros,Ficcao,7,715.94,Sudeste,32
445,2024-03-26,eletronicos,Webcam,1,799.96,Nordeste,19
446,2024-01-17,alimentos,Feijao,9,302.9,Sudeste,37
447,2024-09-10,servicos,Design,2,581.26,Centro-Oeste,50
448,2024-10-05,alimentos,Acucar,1,764.8,Sudeste,35
449,2024-04-21,livros,Rust,4,311.75,Norte,29
450,2024-05-14,alimentos,Arroz,8,867.98,Norte,50
451,2024-05-01,roupas,Meia,6,863.83,Sul,41
452,2024-08-07,roupas,Meia,3,789.15,Nordeste,4
453,2024-10-18,alimentos,Acucar,5,604.92,Nordeste,21
454,2024-12-26,alimentos,Cafe,10,282.0,Sul,44
455,2024-02-18,roupas,Tenis,1,992.64,Nordeste,45
456,2024-03-08,roupas,Calca,6,831.91,Sudeste,32
457,2024-03-13,servicos,Treinamento,7,387.67,Norte,41
458,2024-02-17,livros,Historia,5,700.81,Centro-Oeste,30
459,2024-09-06,alimentos,Acucar,1,871.53,Norte,47
460,2024-08-22,alimentos,Arroz,9,409.76,Sudeste,14
461,2024-09-10,alimentos,Cafe,5,351.0,Sul,9
462,2024-10-16,livros,Engenharia,1,65.02,Sudeste,2
463,2024-03-04,roupas,Tenis,8,20.66,Sudeste,13
464,2024-12-18,roupas,Jaqueta,3,876.93,Centro-Oeste,6
465,2024-12-01,alimentos,Cafe,2,384.41,Nordeste,4
466,2024-07-21,alimentos,Feijao,7,662.38,Norte,1
467,2024-04-19,livros,Rust,3,601.81,Sul,44
468,2024-08-15,eletronicos,Notebook,6,820.77,Sudeste,45
469,2024-03-08,livros,Rust,4,395.41,Norte,7
470,2024-06-09,alimentos,Cafe,3,395.07,Nordeste,42
471,2024-12-12,roupas,Camiseta,9,572.03,Sul,42
472,2024-03-25,livros,Engenharia,4,635.52,Nordeste,27
473,2024-11-11,livros,Python,2,898.66,Nordeste,49
474,2024-03-04,servicos,Auditoria,6,963.98,Centro-Oeste,9
475,2024-05-06,alimentos,Arroz,4,562.33,Sul,47
476,2024-11-07,alimentos,Arroz,5,221.34,Sul,33
477,2024-04-06,livros,Engenharia,1,788.13,Nordeste,32
478,2024-07-16,eletronicos,Mouse,8,645.32,Norte,34
479,2024-01-07,alimentos,Cafe,3,399.1,Sul,27
480,2024-07-06,servicos,Suporte,8,955.36,Norte,2
481,2024-10-27,eletronicos,Notebook,5,231.43,Norte,26
482,2024-09-16,alimentos,Acucar,7,435.1,Sudeste,6
483,2024-11-23,servicos,Design,10,169.63,Norte,20
484,2024-02-10,servicos,Suporte,3,545.66,Sudeste,38
485,2024-11-20,eletronicos,Teclado,7,735.36,Nordeste,4
486,2024-05-05,eletronicos,Monitor,2,464.3,Sul,4
487,2024-06-07,roupas,Camiseta,1,713.74,Norte,11
488,2024-09-11,alimentos,Acucar,9,787.33,Centro-Oeste,11
489,2024-07-09,roupas,Jaqueta,2,776.0,Norte,22
490,2024-08-07,alimentos,Acucar,2,277.69,Sul,41
491,2024-02-09,livros,Ficcao,9,372.92,Sudeste,37
492,2024-03-26,alimentos,Feijao,5,777.86,Sul,44
493,2024-02-29,roupas,Meia,1,63.16,Norte,16
494,2024-01-24,livros,Engenharia,7,921.82,Nordeste,3
495,2024-10-10,livros,Python,6,263.3,Centro-Oeste,18
496,2024-02-09,servicos,Treinamento,2,512.0,Norte,12
497,2024-04-24,servicos,Consultoria,7,87.55,Sudeste,19
498,2024-06-08,alimentos,Arroz,9,467.61,Centro-Oeste,13
499,2024-05-29,servicos,Treinamento,10,257.73,Centro-Oeste,38
500,2024-09-09,roupas,Meia,4,167.56,Sudeste,2
501,2024-04-29,servicos,Treinamento,1,951.97,Norte,49
502,2024-12-02,livros,Engenharia,2,221.09,Nordeste,27
503,2024-09-08,eletronicos,Mouse,5,111.17,Nordeste,34
504,2024-07-30,alimentos,Oleo,2,589.16,Sul,9
505,2024-11-22,livros,Rust,10,576.46,Sudeste,43
506,2024-03-07,roupas,Jaqueta,5,853.9,Sudeste,45
507,2024-06-16,alimentos,Oleo,5,248.94,Nordeste,9
508,2024-10-26,eletronicos,Mouse,2,181.09,Sudeste,21
509,2024-07-27,eletronicos,Webcam,6,965.34,Nordeste,29
510,2024-06-06,livros,Engenharia,2,108.61,Centro-Oeste,46
511,2024-12-22,servicos,Consultoria,4,839.21,Centro-Oeste,10
512,2024-02-16,roupas,Jaqueta,7,523.19,Centro-Oeste,17
513,2024-03-30,eletronicos,Monitor,8,564.83,Sul,16
514,2024-02-18,livros,Rust,3,139.02,Norte,50
515,2024-04-23,roupas,Calca,7,384.79,Norte,38
516,2024-10-27,alimentos,Arroz,1,997.22,Nordeste,42
517,2024-08-15,roupas,Camiseta,6,140.08,Sudeste,4
518,2024-03-27,servicos,Auditoria,7,506.2,Sudeste,44
519,2024-08-06,roupas,Jaqueta,4,910.14,Centro-Oeste,18
520,2024-08-16,roupas,Camiseta,10,626.79,Nordeste,42
521,2024-05-31,livros,Ficcao,9,489.45,Norte,18
522,2024-07-15,roupas,Tenis,4,649.8,Sul,16
523,2024-11-18,servicos,Consultoria,7,786.28,Centro-Oeste,31
524,2024-10-05,livros,Engenharia,10,512.35,Sudeste,18
525,2024-04-02,eletronicos,Teclado,10,234.64,Centro-Oeste,4
526,2024-08-29,servicos,Treinamento,10,999.61,Nordeste,7
527,2024-05-06,roupas,Jaqueta,9,819.96,Norte,49
528,2024-04-22,servicos,Auditoria,6,936.5,Nordeste,12
529,2024-05-01,servicos,Treinamento,6,915.7,Norte,46
530,2024-12-24,alimentos,Acucar,10,159.26,Nordeste,32
531,2024-10-04,alimentos,Feijao,8,57.2,Norte,15
532,2024-11-04,roupas,Camiseta,9,488.43,Centro-Oeste,40
533,2024-04-13,roupas,Jaqueta,3,920.41,Centro-Oeste,4
534,2024-01-12,roupas,Meia,3,778.88,Sul,24
535,2024-02-07,alimentos,Oleo,10,119.01,Centro-Oeste,21
536,2024-03-10,roupas,Tenis,8,656.2,Nordeste,46
537,2024-10-14,servicos,Treinamento,4,672.22,Nordeste,25
538,2024-06-06,alimentos,Feijao,3,734.25,Sul,26
539,2024-10-17,eletronicos,Mouse,10,331.85,Sul,15
540,2024-11-23,servicos,Consultoria,8,157.83,Norte,16
541,2024-06-26,alimentos,Feijao,2,825.23,Centro-Oeste,29
542,2024-01-06,alimentos,Feijao,4,699.31,Centro-Oeste,17
543,2024-02-25,eletronicos,Notebook,7,449.46,Sudeste,11
544,2024-07-30,livros,Ficcao,6,555.1,Norte,31
545,2024-10-22,roupas,Calca,8,92.24,Norte,19
546,2024-01-11,alimentos,Cafe,2,92.72,Nordeste,25
547,2024-03-23,eletronicos,Webcam,2,351.19,Sul,31
548,2024-12-26,eletronicos,Monitor,3,615.17,Sudeste,11
549,2024-01-28,eletronicos,Teclado,4,974.91,Sudeste,45
550,2024-10-10,servicos,Treinamento,5,311.45,Norte,4
551,2024-07-20,servicos,Design,8,170.52,Centro-Oeste,1
552,2024-08-06,eletronicos,Teclado,10,490.72,Norte,2
553,2024-04-15,roupas,Jaqueta,2,484.1,Norte,20
554,2024-07-22,livros,Ficcao,5,109.31,Sul,25
555,2024-04-04,alimentos,Oleo,6,202.85,Norte,17
556,2024-08-13,livros,Engenharia,4,840.34,Sul,4
557,2024-03-18,eletronicos,Notebook,6,812.02,Sudeste,49
558,2024-10-28,roupas,Meia,1,843.98,Sul,27
559,2024-10-01,livros,Historia,4,486.74,Norte,26
560,2024-12-31,eletronicos,Webcam,10,902.45,Sul,44
561,2024-11-13,roupas,Camiseta,8,189.42,Nordeste,14
562,2024-04-08,roupas,Camiseta,7,96.8,Sudeste,13
563,2024-11-17,roupas,Meia,5,333.35,Norte,6
564,2024-07-17,servicos,Auditoria,9,339.6,Centro-Oeste,34
565,2024-08-22,eletronicos,Webcam,10,532.11,Sudeste,8
566,2024-07-31,roupas,Calca,10,596.18,Norte,7
567,2024-10-15,eletronicos,Teclado,9,882.53,Sudeste,17
568,2024-07-15,livros,Historia,10,483.59,Nordeste,18
569,2024-07-25,roupas,Meia,10,687.2,Sudeste,3
570,2024-07-21,alimentos,Feijao,1,750.83,Centro-Oeste,24
571,2024-01-11,alimentos,Cafe,5,294.74,Sudeste,45
572,2024-12-16,eletronicos,Mouse,3,314.47,Sudeste,50
573,2024-06-13,alimentos,Oleo,10,652.64,Nordeste,29
574,2024-04-18,livros,Ficcao,9,869.85,Norte,33
575,2024-03-22,eletronicos,Teclado,9,415.32,Sul,37
576,2024-01-15,roupas,Calca,4,840.24,Nordeste,3
577,2024-08-21,eletronicos,Teclado,4,288.5,Sudeste,33
578,2024-07-22,eletronicos,Notebook,4,385.02,Sul,29
579,2024-03-31,livros,Historia,9,362.76,Nordeste,17
580,2024-12-18,eletronicos,Teclado,1,398.83,Nordeste,37
581,2024-04-19,roupas,Calca,4,283.7,Sudeste,33
582,2024-01-11,eletronicos,Monitor,3,654.42,Sul,1
583,2024-04-24,alimentos,Acucar,5,718.49,Centro-Oeste,28
584,2024-07-11,alimentos,Oleo,5,233.84,Centro-Oeste,44
585,2024-09-23,servicos,Auditoria,10,120.27,Sul,43
586,2024-07-10,servicos,Design,10,297.02,Norte,31
587,2024-02-02,alimentos,Cafe,6,864.26,Centro-Oeste,42
588,2024-12-30,alimentos,Feijao,3,526.95,Nordeste,4
589,2024-11-03,livros,Engenharia,3,726.86,Sudeste,19
590,2024-05-12,livros,Ficcao,7,742.0,Sul,46
591,2024-10-19,roupas,Jaqueta,4,692.59,Sudeste,43
592,2024-07-02,servicos,Treinamento,3,843.83,Sul,12
593,2024-05-30,eletronicos,Monitor,3,746.1,Sul,49
594,2024-04-03,alimentos,Arroz,4,368.18,Centro-Oeste,27
595,2024-06-18,alimentos,Cafe,10,308.17,Norte,31
596,2024-01-28,servicos,Design,10,89.79,Nordeste,33
597,2024-03-02,livros,Historia,5,424.85,Nordeste,9
598,2024-04-12,alimentos,Oleo,10,894.99,Sudeste,10
599,2024-06-10,roupas,Camiseta,8,345.98,Nordeste,21
600,2024-11-20,eletronicos,Notebook,8,288.06,Nordeste,37
601,2024-03-22,livros,Rust,3,622.19,Sudeste,26
602,2024-08-07,livros,Ficcao,1,56.97,Nordeste,47
603,2024-07-10,eletronicos,Teclado,9,206.77,Norte,41
604,2024-05-07,roupas,Jaqueta,5,146.35,Sudeste,33
605,2024-10-28,alimentos,Feijao,2,827.37,Centro-Oeste,19
606,2024-08-21,servicos,Design,9,351.08,Nordeste,22
607,2024-09-07,alimentos,Feijao,3,949.12,Sudeste,2
608,2024-04-26,roupas,Calca,4,739.4,Sul,33
609,2024-03-27,eletronicos,Teclado,1,387.69,Centro-Oeste,50
610,2024-09-30,servicos,Consultoria,10,994.79,Norte,42
611,2024-01-11,eletronicos,Notebook,7,455.43,Norte,36
612,2024-05-09,livros,Python,4,701.29,Norte,20
613,2024-08-03,eletronicos,Webcam,5,630.34,Nordeste,27
614,2024-02-23,servicos,Design,2,297.05,Norte,32
615,2024-04-11,servicos,Suporte,5,834.87,Nordeste,23
616,2024-12-26,livros,Engenharia,3,58.62,Sudeste,14
617,2024-12-18,livros,Engenharia,4,22.68,Norte,8
618,2024-10-20,livros,Python,2,783.94,Norte,47
619,2024-02-21,alimentos,Feijao,8,988.89,Centro-Oeste,17
620,2024-08-25,eletronicos,Notebook,3,876.66,Centro-Oeste,24
621,2024-12-12,alimentos,Oleo,2,113.1,Norte,1
622,2024-03-11,roupas,Jaqueta,6,896.64,Sul,18
623,2024-02-17,alimentos,Cafe,3,131.56,Sudeste,30
624,2024-05-19,livros,Ficcao,7,655.87,Nordeste,8
625,2024-03-08,eletronicos,Mouse,2,427.71,Sul,31
626,2024-10-18,livros,Python,10,392.16,Centro-Oeste,40
627,2024-01-15,roupas,Tenis,8,130.68,Sudeste,29
628,2024-01-24,eletronicos,Teclado,6,32.11,Sul,50
629,2024-10-22,servicos,Suporte,6,528.72,Sul,7
630,2024-08-09,roupas,Tenis,6,670.44,Sudeste,10
631,2024-10-12,servicos,Consultoria,1,650.53,Nordeste,33
632,2024-08-28,livros,Python,2,756.4,Centro-Oeste,16
633,2024-06-18,alimentos,Arroz,9,238.25,Sudeste,26
634,2024-04-30,eletronicos,Monitor,8,805.24,Sudeste,6
635,2024-09-12,livros,Engenharia,2,981.06,Norte,7
636,2024-07-25,livros,Rust,9,558.12,Norte,39
637,2024-11-12,alimentos,Acucar,9,222.71,Sudeste,22
638,2024-07-05,eletronicos,Mouse,8,345.33,Sul,39
639,2024-08-30,alimentos,Oleo,2,115.49,Nordeste,1
640,2024-06-23,alimentos,Cafe,9,531.55,Norte,3
641,2024-03-25,livros,Python,7,124.82,Sul,13
642,2024-04-06,eletronicos,Monitor,4,467.91,Nordeste,46
643,2024-06-22,eletronicos,Monitor,1,928.09,Sul,8
644,2024-08-18,livros,Historia,9,151.94,Sudeste,1
645,2024-09-28,eletronicos,Webcam,7,842.04,Sudeste,33
646,2024-03-31,servicos,Suporte,3,121.48,Sul,39
647,2024-06-13,servicos,Auditoria,7,979.91,Nordeste,18
648,2024-07-22,alimentos,Cafe,8,808.7,Nordeste,27
649,2024-11-04,servicos,Treinamento,9,863.49,Sul,41
650,2024-04-21,roupas,Calca,10,720.1,Centro-Oeste,44
651,2024-03-08,roupas,Meia,9,700.43,Centro-Oeste,46
652,2024-02-29,alimentos,Acucar,8,591.15,Sudeste,44
653,2024-09-30,alimentos,Oleo,1,532.28,Norte,25
654,2024-03-15,eletronicos,Notebook,4,281.64,Nordeste,19
655,2024-12-15,alimentos,Feijao,1,696.78,Centro-Oeste,14
656,2024-10-04,eletronicos,Teclado,8,120.43,Sul,15
657,2024-11-27,servicos,Auditoria,4,520.7,Centro-Oeste,45
658,2024-12-06,eletronicos,Monitor,7,428.23,Centro-Oeste,36
659,2024-01-28,eletronicos,Teclado,4,628.15,Sudeste,15
660,2024-11-20,alimentos,Acucar,9,743.68,Nordeste,50
661,2024-04-09,alimentos,Oleo,3,983.78,Norte,12
662,2024-03-29,servicos,Consultoria,7,59.82,Centro-Oeste,36
663,2024-05-15,roupas,Calca,10,849.09,Norte,22
664,2024-08-26,roupas,Camiseta,3,930.06,Sul,4
665,2024-11-16,servicos,Treinamento,8,794.11,Sul,23
666,2024-02-07,alimentos,Acucar,4,957.85,Sul,5
667,2024-09-15,roupas,Tenis,9,546.3,Norte,23
668,2024-04-23,roupas,Jaqueta,6,373.58,Nordeste,49
669,2024-11-12,servicos,Auditoria,9,827.21,Norte,8
670,2024-12-08,alimentos,Oleo,4,906.41,Sul,40
671,2024-05-04,eletronicos,Teclado,7,917.61,Norte,25
672,2024-05-11,servicos,Treinamento,1,913.11,Centro-Oeste,33
673,2024-09-17,livros,Ficcao,1,310.51,Nordeste,21
674,2024-09-20,eletronicos,Notebook,3,972.2,Sul,35
675,2024-01-04,eletronicos,Mouse,4,867.65,Sudeste,7
676,2024-04-15,servicos,Auditoria,2,751.95,Nordeste,2
677,2024-08-23,alimentos,Arroz,2,91.78,Nordeste,17
678,2024-10-12,eletronicos,Webcam,4,912.77,Sudeste,25
679,2024-08-18,livros,Ficcao,6,36.55,Norte,35
680,2024-01-04,servicos,Consultoria,10,64.61,Norte,23
681,2024-09-14,eletronicos,Teclado,5,614.43,Centro-Oeste,49
682,2024-08-12,livros,Ficcao,1,484.51,Sul,15
683,2024-03-10,livros,Historia,5,960.93,Nordeste,20
684,2024-12-12,alimentos,Arroz,9,877.27,Nordeste,8
685,2024-01-22,eletronicos,Webcam,10,406.2,Sul,6
686,2024-06-05,roupas,Jaqueta,4,424.4,Sul,10
687,2024-03-23,roupas,Calca,10,838.05,Nordeste,8
688,2024-04-02,servicos,Consultoria,9,472.04,Sul,5
689,2024-05-28,eletronicos,Teclado,2,213.47,Sul,32
690,2024-06-18,alimentos,Feijao,4,118.04,Sul,5
691,2024-04-09,alimentos,Oleo,8,341.78,Centro-Oeste,45
692,2024-10-26,roupas,Meia,10,377.2,Centro-Oeste,28
693,2024-03-27,eletronicos,Teclado,4,789.95,Sudeste,18
694,2024-07-03,roupas,Jaqueta,8,473.59,Centro-Oeste,50
695,2024-06-05,livros,Historia,2,192.25,Sul,6
696,2024-05-23,roupas,Meia,4,277.97,Norte,47
697,2024-02-08,eletronicos,Webcam,1,816.39,Sul,26
698,2024-10-29,roupas,Camiseta,9,275.4,Sul,31
699,2024-11-30,roupas,Jaqueta,7,238.84,Sul,47
700,2024-05-28,roupas,Tenis,9,520.2,Sudeste,24
701,2024-09-14,eletronicos,Mouse,10,690.48,Sul,9
702,2024-08-16,roupas,Calca,10,949.74,Nordeste,48
703,2024-09-04,alimentos,Arroz,4,766.24,Nordeste,5
704,2024-05-15,alimentos,Feijao,1,675.21,Sul,24
705,2024-07-17,livros,Ficcao,1,59.11,Centro-Oeste,7
706,2024-12-26,servicos,Treinamento,5,587.06,Sul,12
707,2024-07-11,livros,Engenharia,10,660.27,Norte,34
708,2024-05-08,livros,Python,9,417.73,Centro-Oeste,32
709,2024-09-03,servicos,Consultoria,9,884.39,Sudeste,11
710,2024-04-27,eletronicos,Webcam,5,227.29,Nordeste,11
711,2024-07-04,servicos,Consultoria,4,426.32,Centro-Oeste,47
712,2024-02-28,livros,Ficcao,8,226.49,Nordeste,42
713,2024-07-29,eletronicos,Mouse,1,145.33,Sul,11
714,2024-03-09,servicos,Consultoria,10,163.93,Nordeste,17
715,2024-04-02,servicos,Auditoria,10,969.86,Norte,47
716,2024-12-04,alimentos,Arroz,4,460.22,Sudeste,31
717,2024-03-28,roupas,Tenis,10,159.86,Sul,50
718,2024-04-03,servicos,Design,5,184.37,Centro-Oeste,30
719,2024-11-01,servicos,Consultoria,4,390.65,Nordeste,7
720,2024-01-09,roupas,Meia,9,690.68,Nordeste,39
721,2024-02-19,roupas,Tenis,10,607.82,Sul,33
722,2024-03-01,eletronicos,Monitor,3,903.95,Sul,1
723,2024-12-13,livros,Historia,7,382.97,Norte,45
724,2024-09-28,livros,Python,8,793.76,Sudeste,23
725,2024-10-28,servicos,Consultoria,7,151.21,Sudeste,50
726,2024-04-29,eletronicos,Teclado,10,879.23,Sudeste,17
727,2024-04-06,eletronicos,Notebook,10,532.09,Sul,1
728,2024-07-11,roupas,Jaqueta,7,375.02,Nordeste,28
729,2024-11-29,servicos,Treinamento,5,857.88,Sudeste,37
730,2024-07-06,servicos,Treinamento,7,759.87,Sudeste,36
731,2024-10-12,livros,Python,6,567.91,Sudeste,17
732,2024-06-06,servicos,Treinamento,7,741.07,Norte,48
733,2024-04-27,livros,Python,2,230.17,Sudeste,22
734,2024-10-08,servicos,Consultoria,3,401.32,Norte,6
735,2024-03-15,livros,Historia,7,106.38,Centro-Oeste,15
736,2024-07-08,eletronicos,Webcam,1,730.0,Sudeste,40
737,2024-12-01,servicos,Treinamento,10,76.31,Nordeste,41
738,2024-09-10,livros,Rust,4,853.56,Sul,19
739,2024-04-09,eletronicos,Webcam,9,525.5,Nordeste,40
740,2024-03-27,eletronicos,Teclado,4,661.92,Nordeste,6
741,2024-05-21,livros,Engenharia,7,417.34,Nordeste,34
742,2024-01-08,eletronicos,Notebook,9,298.8,Sul,38
743,2024-06-27,alimentos,Cafe,4,614.24,Nordeste,30
744,2024-07-25,servicos,Consultoria,5,191.53,Sul,7
745,2024-10-13,eletronicos,Webcam,5,353.17,Norte,33
746,2024-05-11,servicos,Design,5,700.31,Sudeste,37
747,2024-09-04,roupas,Jaqueta,8,687.96,Sul,2
748,2024-09-03,eletronicos,Teclado,2,395.02,Nordeste,44
749,2024-12-25,roupas,Jaqueta,7,956.34,Sul,35
750,2024-01-05,alimentos,Feijao,5,111.15,Centro-Oeste,5
751,2024-10-10,roupas,Tenis,6,366.47,Sul,18
752,2024-04-03,roupas,Tenis,4,250.16,Nordeste,17
753,2024-04-15,roupas,Calca,4,839.61,Centro-Oeste,10
754,2024-02-24,eletronicos,Notebook,8,621.55,Sul,3
755,2024-09-03,alimentos,Acucar,6,502.49,Sul,18
756,2024-09-08,roupas,Meia,5,409.92,Sul,9
757,2024-01-28,servicos,Auditoria,8,940.86,Norte,33
758,2024-06-26,livros,Python,8,976.98,Sul,30
759,2024-06-10,eletronicos,Notebook,4,391.84,Norte,21
760,2024-07-04,servicos,Treinamento,3,557.59,Nordeste,18
761,2024-08-29,servicos,Treinamento,6,200.24,Sudeste,14
762,2024-08-02,alimentos,Cafe,7,294.04,Nordeste,37
763,2024-03-08,servicos,Suporte,2,726.4,Nordeste,36
764,2024-08-09,livros,Python,3,804.04,Nordeste,31
765,2024-01-05,roupas,Tenis,8,151.78,Sul,35
766,2024-06-10,livros,Engenharia,5,570.9,Sul,4
767,2024-07-22,eletronicos,Mouse,1,231.16,Centro-Oeste,31
768,2024-11-18,eletronicos,Monitor,6,274.57,Centro-Oeste,36
769,2024-10-12,alimentos,Cafe,1,423.53,Centro-Oeste,44
770,2024-11-06,roupas,Meia,10,656.87,Sul,12
771,2024-05-25,alimentos,Cafe,9,497.74,Sudeste,6
772,2024-07-14,servicos,Treinamento,8,639.08,Nordeste,11
773,2024-11-23,alimentos,Oleo,10,580.2,Norte,6
774,2024-03-23,alimentos,Feijao,6,330.54,Centro-Oeste,46
775,2024-05-16,servicos,Auditoria,5,889.94,Centro-Oeste,48
776,2024-10-27,servicos,Auditoria,7,183.97,Norte,9
777,2024-04-30,alimentos,Arroz,4,183.57,Norte,7
778,2024-02-02,livros,Historia,1,45.84,Sudeste,34
779,2024-02-12,eletronicos,Teclado,10,172.17,Sudeste,20
780,2024-04-27,roupas,Jaqueta,8,633.95,Nordeste,34
781,2024-03-28,eletronicos,Notebook,6,863.16,Centro-Oeste,31
782,2024-08-27,servicos,Treinamento,9,455.95,Sul,12
783,2024-10-29,servicos,Auditoria,10,446.28,Sul,20
784,2024-06-26,livros,Historia,4,808.61,Sudeste,20
785,2024-07-06,livros,Engenharia,3,317.5,Norte,34
786,2024-03-10,alimentos,Cafe,8,544.4,Sudeste,49
787,2024-09-01,alimentos,Arroz,7,802.01,Sul,15
788,2024-01-04,servicos,Treinamento,4,423.5,Sul,28
789,2024-07-21,roupas,Calca,7,831.86,Nordeste,17
790,2024-02-10,livros,Python,9,769.25,Sul,45
791,2024-12-16,alimentos,Cafe,9,812.63,Sudeste,13
792,2024-02-05,roupas,Calca,5,128.15,Sudeste,40
793,2024-08-19,alimentos,Acucar,8,204.03,Norte,10
794,2024-01-26,servicos,Consultoria,3,972.89,Centro-Oeste,18
795,2024-03-05,livros,Rust,4,108.39,Norte,32
796,2024-04-21,alimentos,Oleo,5,790.01,Sudeste,24
797,2024-08-25,eletronicos,Teclado,2,846.68,Nordeste,4
798,2024-05-16,livros,Rust,9,480.74,Nordeste,17
799,2024-07-14,eletronicos,Notebook,4,397.1,Sudeste,16
800,2024-01-18,roupas,Tenis,2,530.72,Nordeste,31
801,2024-07-18,alimentos,Cafe,3,636.58,Norte,48
802,2024-10-08,servicos,Consultoria,5,491.61,Centro-Oeste,13
803,2024-07-03,eletronicos,Mouse,2,251.25,Sudeste,21
804,2024-01-08,roupas,Jaqueta,10,137.26,Nordeste,1
805,2024-01-22,servicos,Auditoria,10,171.89,Norte,16
806,2024-03-21,livros,Rust,10,351.65,Norte,4
807,2024-07-01,roupas,Meia,2,143.31,Nordeste,21
808,2024-10-12,alimentos,Oleo,4,40.93,Sudeste,23
809,2024-03-09,alimentos,Arroz,8,712.49,Sul,19
810,2024-10-04,livros,Python,10,202.89,Centro-Oeste,21
811,2024-08-27,alimentos,Acucar,9,177.14,Sul,10
812,2024-08-18,alimentos,Cafe,9,379.77,Norte,50
813,2024-11-22,servicos,Auditoria,3,885.27,Sul,24
814,2024-11-13,roupas,Jaqueta,2,665.12,Sul,25
815,2024-04-07,servicos,Auditoria,9,171.05,Centro-Oeste,21
816,2024-07-28,alimentos,Arroz,2,532.74,Norte,3
817,2024-03-07,roupas,Camiseta,4,124.91,Nordeste,7
818,2024-01-17,servicos,Auditoria,8,535.3,Sul,17
819,2024-01-26,alimentos,Feijao,10,723.49,Norte,14
820,2024-12-01,livros,Rust,8,805.0,Norte,24
821,2024-10-12,livros,Engenharia,1,827.17,Centro-Oeste,34
822,2024-01-21,eletronicos,Teclado,2,945.71,Sul,7
823,2024-02-21,roupas,Meia,7,205.67,Sul,43
824,2024-05-07,servicos,Suporte,9,754.21,Sudeste,48
825,2024-02-24,servicos,Treinamento,8,708.5,Sudeste,7
826,2024-03-26,roupas,Meia,7,514.6,Nordeste,35
827,2024-11-03,livros,Engenharia,6,559.08,Centro-Oeste,24
828,2024-07-30,livros,Engenharia,10,255.91,Sul,14
829,2024-07-11,servicos,Treinamento,6,962.42,Sudeste,26
830,2024-01-01,eletronicos,Teclado,10,35.98,Nordeste,20
831,2024-01-04,alimentos,Feijao,4,858.61,Norte,50
832,2024-12-19,alimentos,Acucar,9,565.2,Sul,10
833,2024-02-18,eletronicos,Monitor,6,172.98,Centro-Oeste,24
834,2024-10-25,roupas,Calca,5,814.85,Norte,37
835,2024-07-23,servicos,Suporte,2,729.11,Sudeste,12
836,2024-09-06,servicos,Consultoria,10,649.41,Norte,47
837,2024-10-22,livros,Rust,1,923.43,Centro-Oeste,23
838,2024-08-10,livros,Rust,4,752.73,Sul,1
839,2024-11-20,livros,Rust,5,533.9,Centro-Oeste,35
840,2024-10-16,roupas,Jaqueta,9,703.81,Nordeste,4
841,2024-12-10,livros,Ficcao,10,583.75,Norte,15
842,2024-08-09,alimentos,Oleo,3,149.55,Norte,31
843,2024-10-19,eletronicos,Webcam,7,277.31,Sudeste,33
844,2024-08-10,roupas,Calca,8,568.11,Sudeste,26
845,2024-11-29,servicos,Suporte,9,623.68,Sul,16
846,2024-05-04,eletronicos,Teclado,7,336.94,Sul,6
847,2024-02-27,livros,Ficcao,6,361.34,Centro-Oeste,23
848,2024-10-31,eletronicos,Teclado,3,987.9,Sul,29
849,2024-11-15,roupas,Tenis,1,925.73,Nordeste,13
850,2024-12-16,alimentos,Feijao,2,130.12,Norte,16
851,2024-11-13,roupas,Jaqueta,1,356.41,Norte,20
852,2024-08-18,livros,Rust,6,224.83,Sul,14
853,2024-04-14,servicos,Design,5,557.82,Sul,47
854,2024-03-13,eletronicos,Monitor,10,907.92,Sul,3
855,2024-05-10,roupas,Camiseta,5,216.68,Sul,18
856,2024-01-28,livros,Rust,2,400.87,Centro-Oeste,43
857,2024-12-03,alimentos,Arroz,1,306.65,Sudeste,15
858,2024-07-13,servicos,Consultoria,6,494.97,Sul,35
859,2024-02-15,roupas,Calca,9,967.46,Sul,46
860,2024-01-12,eletronicos,Mouse,9,318.83,Sudeste,26
861,2024-03-21,eletronicos,Teclado,6,368.27,Centro-Oeste,16
862,2024-09-13,alimentos,Arroz,5,881.1,Norte,36
863,2024-05-23,roupas,Calca,6,899.23,Nordeste,6
864,2024-07-14,servicos,Design,4,428.99,Sul,10
865,2024-08-06,alimentos,Acucar,6,460.19,Nordeste,14
866,2024-11-30,roupas,Meia,9,690.37,Nordeste,9
867,2024-06-07,servicos,Suporte,7,995.77,Nordeste,42
868,2024-10-16,roupas,Jaqueta,2,566.19,Norte,12
869,2024-06-11,roupas,Camiseta,6,882.53,Sudeste,27
870,2024-06-04,livros,Engenharia,3,783.53,Norte,9
871,2024-04-04,eletronicos,Webcam,10,281.53,Sul,40
872,2024-04-28,servicos,Suporte,4,693.63,Centro-Oeste,6
873,2024-12-18,livros,Python,9,849.22,Sudeste,46
874,2024-11-28,alimentos,Feijao,7,501.62,Nordeste,11
875,2024-04-08,roupas,Camiseta,7,769.25,Norte,18
876,2024-07-30,roupas,Calca,4,84.81,Sudeste,40
877,2024-09-07,alimentos,Oleo,4,439.0,Norte,39
878,2024-07-13,alimentos,Oleo,10,940.36,Sul,39
879,2024-10-01,servicos,Consultoria,9,127.13,Sudeste,3
880,2024-05-05,servicos,Design,7,984.15,Norte,36
881,2024-07-17,servicos,Consultoria,4,305.36,Sudeste,20
882,2024-05-26,livros,Python,7,308.53,Norte,45
883,2024-09-21,roupas,Tenis,8,108.63,Sul,8
884,2024-04-02,servicos,Design,3,405.21,Centro-Oeste,29
885,2024-01-13,roupas,Tenis,10,898.69,Nordeste,30
886,2024-02-16,alimentos,Cafe,3,724.01,Norte,6
887,2024-02-28,livros,Engenharia,2,533.34,Sudeste,47
888,2024-09-18,servicos,Suporte,7,559.34,Norte,50
889,2024-03-28,alimentos,Acucar,3,178.88,Nordeste,12
890,2024-12-30,eletronicos,Monitor,5,323.33,Sudeste,19
891,2024-11-16,roupas,Camiseta,3,961.23,Norte,40
892,2024-05-09,eletronicos,Monitor,8,858.3,Sul,1
893,2024-11-07,livros,Python,4,597.09,Sudeste,30
894,2024-07-28,livros,Rust,10,608.1,Nordeste,36
895,2024-05-22,servicos,Design,4,67.94,Nordeste,4
896,2024-11-30,alimentos,Arroz,3,856.75,Sul,39
897,2024-06-01,alimentos,Arroz,1,126.71,Nordeste,11
898,2024-12-10,alimentos,Acucar,10,580.84,Sul,12
899,2024-08-21,servicos,Treinamento,1,111.26,Centro-Oeste,21
900,2024-07-07,livros,Rust,7,846.44,Norte,19
901,2024-08-29,roupas,Camiseta,5,342.62,Sudeste,34
902,2024-04-17,roupas,Meia,1,127.12,Sul,6
903,2024-09-04,servicos,Treinamento,7,616.67,Centro-Oeste,17
904,2024-09-26,servicos,Design,6,928.56,Sul,37
905,2024-09-11,servicos,Auditoria,8,811.82,Sul,15
906,2024-12-28,alimentos,Feijao,1,135.84,Sudeste,41
907,2024-03-01,roupas,Meia,7,425.76,Centro-Oeste,23
908,2024-10-13,roupas,Camiseta,4,696.22,Centro-Oeste,5
909,2024-06-06,alimentos,Acucar,9,337.45,Norte,8
910,2024-12-17,alimentos,Cafe,7,729.91,Sul,2
911,2024-03-30,roupas,Jaqueta,6,923.83,Sudeste,31
912,2024-01-19,roupas,Tenis,3,634.66,Sul,22
913,2024-08-24,livros,Rust,9,313.36,Centro-Oeste,36
914,2024-10-01,eletronicos,Mouse,10,691.78,Centro-Oeste,5
915,2024-03-17,alimentos,Arroz,6,983.95,Sul,11
916,2024-10-19,servicos,Auditoria,3,603.29,Centro-Oeste,46
917,2024-06-10,eletronicos,Teclado,7,105.06,Nordeste,24
918,2024-08-19,alimentos,Feijao,9,316.27,Norte,24
919,2024-01-20,roupas,Camiseta,8,515.87,Sudeste,33
920,2024-03-19,roupas,Jaqueta,8,737.79,Sul,20
921,2024-06-16,roupas,Camiseta,9,683.18,Nordeste,14
922,2024-01-19,livros,Ficcao,9,133.52,Centro-Oeste,3
923,2024-12-17,servicos,Consultoria,6,477.54,Norte,7
924,2024-09-23,alimentos,Arroz,10,763.32,Nordeste,21
925,2024-04-12,roupas,Jaqueta,5,541.63,Sudeste,43
926,2024-03-01,alimentos,Feijao,3,288.16,Norte,40
927,2024-10-13,servicos,Consultoria,4,551.68,Sul,21
928,2024-05-18,roupas,Jaqueta,10,259.93,Norte,20
929,2024-11-09,alimentos,Acucar,8,69.71,Norte,31
930,2024-12-11,eletronicos,Notebook,7,72.72,Sudeste,26
931,2024-04-01,servicos,Design,8,623.99,Centro-Oeste,22
932,2024-04-11,servicos,Consultoria,8,576.43,Norte,45
933,2024-08-27,eletronicos,Monitor,5,690.79,Sudeste,31
934,2024-04-28,roupas,Calca,10,272.89,Centro-Oeste,26
935,2024-04-03,alimentos,Cafe,8,497.76,Norte,31
936,2024-02-27,alimentos,Oleo,8,848.85,Centro-Oeste,50
937,2024-06-27,servicos,Design,3,517.79,Sudeste,46
938,2024-02-24,alimentos,Acucar,2,796.58,Sul,30
939,2024-07-24,servicos,Auditoria,4,628.46,Sul,11
940,2024-09-03,livros,Rust,6,224.07,Sul,28
941,2024-08-10,servicos,Treinamento,9,700.25,Nordeste,43
942,2024-12-08,eletronicos,Webcam,8,132.04,Sul,30
943,2024-06-15,servicos,Consultoria,8,192.65,Sudeste,5
944,2024-11-02,eletronicos,Webcam,7,340.86,Norte,6
945,2024-04-21,roupas,Meia,1,761.94,Nordeste,29
946,2024-09-29,alimentos,Oleo,10,586.37,Nordeste,14
947,2024-12-14,alimentos,Cafe,10,798.46,Centro-Oeste,28
948,2024-06-25,eletronicos,Webcam,1,619.26,Sul,26
949,2024-03-06,alimentos,Arroz,6,903.05,Norte,1
950,2024-12-26,servicos,Treinamento,2,864.02,Norte,16
951,2024-08-09,servicos,Auditoria,6,717.54,Sudeste,25
952,2024-08-10,servicos,Suporte,3,485.37,Nordeste,36
953,2024-07-15,alimentos,Oleo,3,302.7,Nordeste,9
954,2024-01-06,eletronicos,Notebook,3,726.91,Sudeste,43
955,2024-08-11,roupas,Camiseta,3,649.4,Sudeste,30
956,2024-12-22,servicos,Auditoria,10,196.2,Sul,28
957,2024-10-09,livros,Ficcao,6,241.23,Sudeste,39
958,2024-01-04,servicos,Auditoria,4,717.89,Centro-Oeste,27
959,2024-10-06,servicos,Treinamento,1,978.67,Sul,31
960,2024-12-26,alimentos,Arroz,10,491.9,Norte,10
961,2024-09-26,alimentos,Oleo,9,96.67,Sul,6
962,2024-05-05,livros,Rust,9,802.14,Centro-Oeste,40
963,2024-01-28,alimentos,Acucar,1,479.49,Sul,31
964,2024-10-20,alimentos,Oleo,6,961.37,Centro-Oeste,19
965,2024-03-26,eletronicos,Webcam,5,732.43,Sul,17
966,2024-02-01,livros,Historia,3,581.4,Centro-Oeste,48
967,2024-11-15,eletronicos,Teclado,8,100.86,Sul,5
968,2024-05-22,alimentos,Feijao,10,295.35,Centro-Oeste,1
969,2024-02-27,servicos,Suporte,10,744.19,Sudeste,24
970,2024-03-30,alimentos,Feijao,8,197.19,Sul,3
971,2024-06-24,eletronicos,Mouse,10,935.26,Nordeste,32
972,2024-07-30,livros,Python,8,731.48,Nordeste,14
973,2024-10-22,alimentos,Arroz,5,760.37,Norte,4
974,2024-03-26,livros,Ficcao,8,315.34,Sul,15
975,2024-07-13,livros,Ficcao,5,162.25,Sudeste,1
976,2024-05-27,livros,Ficcao,6,962.53,Norte,7
977,2024-09-29,alimentos,Oleo,10,919.68,Centro-Oeste,22
978,2024-05-18,alimentos,Arroz,5,661.26,Sudeste,30
979,2024-12-11,roupas,Meia,4,529.55,Nordeste,21
980,2024-10-07,eletronicos,Notebook,2,31.72,Norte,34
981,2024-02-23,livros,Engenharia,4,730.75,Centro-Oeste,13
982,2024-01-18,eletronicos,Webcam,2,75.74,Sul,43
983,2024-04-21,servicos,Consultoria,2,104.66,Sul,9
984,2024-07-11,servicos,Suporte,2,701.74,Centro-Oeste,19
985,2024-08-27,eletronicos,Monitor,5,773.97,Centro-Oeste,17
986,2024-03-23,eletronicos,Teclado,1,395.14,Centro-Oeste,4
987,2024-05-12,alimentos,Feijao,8,88.01,Nordeste,40
988,2024-07-20,roupas,Tenis,2,161.0,Sudeste,14
989,2024-11-10,eletronicos,Monitor,5,121.22,Norte,5
990,2024-10-19,alimentos,Oleo,1,898.58,Nordeste,42
991,2024-11-23,eletronicos,Notebook,7,281.11,Centro-Oeste,26
992,2024-10-21,eletronicos,Webcam,8,488.58,Sudeste,47
993,2024-02-05,servicos,Suporte,1,396.74,Sudeste,8
994,2024-10-17,servicos,Treinamento,6,688.2,Sudeste,4
995,2024-11-19,eletronicos,Teclado,9,856.28,Centro-Oeste,6
996,2024-08-23,alimentos,Feijao,3,563.39,Sudeste,43
997,2024-04-07,alimentos,Oleo,2,638.0,Centro-Oeste,32
998,2024-02-13,livros,Python,3,54.98,Norte,47
999,2024-10-30,roupas,Tenis,7,81.73,Sul,42
1000,2024-06-06,livros,Historia,8,967.24,Norte,3
